label,corner,Lx_id,Ldc3_id,M3_width,CB,Cs,Cm,PAE_percent,Psat_dBm,OP1dB_dBm,Gain_dB,PDC_total_mW,VDS_peak_M3_V,minKf,HB_converged_flag,VDS_min_M3_V,arm,seed,tt_K,tt_PAE,pass_strict,stable_all
fa15qc s101 #1,TT/27C,Lx_9,Ldc3_2,763.8880046432458,13.162878982833211,21.55102065555196,21.231057060218443,36.147282417857454,19.330128124065823,15.964532167666176,40.13724384737913,223.23791784634804,3.339068357079766,10.749436496469368,1.0,0.1109940116979254,fa15qc,101,10.749436496231729,36.147282477542944,True,False
fa15qc s101 #4,TT/27C,Lx_5,Ldc3_1,903.7557018397088,15.73474647974682,33.0,19.44243064746119,34.47407147364799,19.12036209565343,16.013685818228808,38.163654320151885,222.35021890862865,3.3462229711964464,10.797833208333598,1.0,0.127375625259901,fa15qc,101,10.797833208333598,34.47407147364799,True,True
fa15qc s202 #3,TT/27C,Lx_8,Ldc3_1,1014.6223184946336,15.575626794675056,18.365703465354432,27.834768043290584,30.824742168890545,18.80895918561757,15.871140464896255,36.86103035861309,245.3104087263516,3.253106974991512,16.85417978626079,1.0,0.1227789737054711,fa15qc,202,16.85417978626079,30.824742168890545,True,True
fa15qc s303 #2,TT/27C,Lx_9,Ldc3_1,782.3952453632421,13.15764893134913,24.41200791809036,19.850411637714195,36.96263268326791,19.60641742355552,16.25500499525088,40.23344305993315,245.3964569076904,3.648009730032736,11.048511477583403,1.0,0.1216975979664864,fa15qc,303,11.048511477583403,36.96263268326791,True,False
fa15qc s404 #1,TT/27C,Lx_6,Ldc3_2,835.1162993684327,11.4942850380726,30.06569994777885,23.077440111737424,34.7281547365122,19.368096156821395,16.190523949618722,39.237894538654174,234.52731751403977,3.113649547976721,10.875712475203054,1.0,0.1551164215276265,fa15qc,404,10.875712474678036,34.72815482861573,True,True
fa15qc s404 #4,TT/27C,Lx_8,Ldc3_1,1010.191285,16.673,28.089,31.731,26.10253262120279,19.303167815193405,16.256738561214803,37.79248131824146,324.3927471252002,3.1844177572083745,21.93748166775057,1.0,0.1214265233715889,fa15qc,404,21.93748166775057,26.10253262120279,True,True
fa15qc s505 #3,TT/27C,Lx_6,Ldc3_2,800.4432833923106,7.971288560783861,25.849095469879103,24.42807884008976,33.93247032046297,19.045610785517244,15.810485682820296,39.202770119842896,221.79219935065373,3.253176867582802,10.21785322541724,1.0,0.1330863442579603,fa15qc,505,10.217853225580388,33.93247102954753,True,True
fa15qc s606 #2,TT/27C,Lx_5,Ldc3_1,865.8590717315668,16.981086755730146,32.847796136394365,23.246093943628647,34.58945629910832,19.397977876030808,16.342542329730033,38.81538422419924,237.1935029701904,3.1742187910582533,10.881901344463124,1.0,0.1587860476715675,fa15qc,606,10.881901344463124,34.58945629910832,True,True
fa15qc s707 #1,TT/27C,Lx_8,Ldc3_3,887.7394397585791,14.860288040862136,28.884854258121344,19.733732769264027,38.26557074427088,19.18736385085776,15.860493808983522,38.7033698685833,215.694191068914,3.0532774605788573,12.78238841960349,1.0,0.0704779384438098,fa15qc,707,12.78238841960349,38.26557074427088,True,True
fa15qc s707 #4,TT/27C,Lx_6,Ldc3_2,933.4713425846408,11.010633299913922,28.52955725704164,21.491420142978487,37.19163763352192,19.10145211384629,15.902507034819788,37.94610025623795,217.77477808679072,3.237016326388881,12.120723632079548,1.0,0.1020435260858581,fa15qc,707,12.120723631624449,37.19163763566631,True,True
fa15qc s808 #3,TT/27C,Lx_6,Ldc3_1,917.3735984590626,15.513067795622066,28.58805716516725,22.287135363382173,38.019099860749854,19.34839040406224,16.325471334692484,38.27363572852224,225.3324351489161,3.2357281349102567,11.982382856929098,1.0,0.0937577633068977,fa15qc,808,11.982382856929098,38.019099860749854,True,True
fa15qc s909 #2,TT/27C,Lx_6,Ldc3_3,1162.6144056880762,2.0763710018199486,31.347754468030697,28.659289947852404,28.97985390967748,19.3828887448888,16.28146014265287,36.82619880381133,298.26805177446795,2.9800882255404453,20.19177041526266,1.0,0.1564893818699951,fa15qc,909,20.19177041526266,28.97985390967748,True,True
fa15qc s1010 #1,TT/27C,Lx_6,Ldc3_1,787.7411163581901,9.131047871881604,26.542999289836068,25.476535183878823,33.63206006876378,19.37380620636232,16.258267534819367,39.71330275403162,242.50896132421445,3.480709250926506,10.269747574794977,1.0,0.176146062984824,fa15qc,1010,10.269747574794977,33.63206006876378,True,False
fa15qc s1010 #4,TT/27C,Lx_8,Ldc3_1,1010.191285,16.673,28.089,31.731,26.10253262120279,19.303167815193405,16.256738561214803,37.79248131824146,324.3927471252002,3.1844177572083745,21.93748166775057,1.0,0.1214265233715889,fa15qc,1010,21.93748166775057,26.10253262120279,True,True
qn s101 #3,TT/27C,Lx_9,Ldc3_2,783.9507691963645,15.976022536428806,21.0883122907126,26.01397273891283,31.842057027322163,19.337291560766843,16.07825423892867,40.03714599498022,249.7898415234378,3.1155151442771976,12.581470020059506,1.0,0.1438592337524207,qn,101,12.581470020377504,31.84205703131456,True,True
qn s202 #2,TT/27C,Lx_10,Ldc3_1,999.3049733,17.457,18.183,33.588,24.84952147381661,18.964651936726227,15.933430771760753,37.51616145705611,315.0472786338099,3.1242628737668308,25.76136786638142,1.0,0.1190562441503703,qn,202,25.76136786638142,24.84952147381661,True,True
qn s303 #3,TT/27C,Lx_10,Ldc3_1,999.3049733,17.457,18.183,33.588,24.84952147381661,18.964651936726227,15.933430771760753,37.51616145705611,315.0472786338099,3.1242628737668308,25.76136786638142,1.0,0.1190562441503703,qn,303,25.76136786638142,24.84952147381661,True,True
qn s404 #3,TT/27C,Lx_10,Ldc3_1,999.3049733,17.457,18.183,33.588,24.84952147381661,18.964651936726227,15.933430771760753,37.51616145705611,315.0472786338099,3.1242628737668308,25.76136786638142,1.0,0.1190562441503703,qn,404,25.76136786638142,24.84952147381661,True,True
qn s606 #1,TT/27C,Lx_8,Ldc3_3,834.3583605136317,9.267705220392704,26.35852490179288,21.302311695322263,34.7361547950816,19.318839873574422,15.96578857803294,39.39540005290423,231.66628882050628,3.128260958810108,11.93288115905901,1.0,0.1535093376611726,qn,606,11.93288115899476,34.73615480938316,True,True
qn s707 #1,TT/27C,Lx_7,Ldc3_1,764.5742099255357,11.809164429173148,24.54433336750025,21.586719005081825,35.079626518644986,19.313509752686542,16.065702460250368,39.99329760161488,229.0991046049086,3.610106283492422,10.240308129299931,1.0,0.1307005996665927,qn,707,10.240308129299931,35.079626518644986,True,False
qn s808 #1,TT/27C,Lx_8,Ldc3_3,797.5802723369325,9.179159781682998,26.090163167042444,19.446277681436914,36.49107176669374,19.226288680485343,15.801410632964089,39.62960129499721,215.5856501201157,3.239970192481812,10.710237688242191,1.0,0.1311431592013934,qn,808,10.710237688242191,36.49107176669374,True,True
qn s808 #4,TT/27C,Lx_10,Ldc3_1,999.3049733,17.457,18.183,33.588,24.84952147381661,18.964651936726227,15.933430771760753,37.51616145705611,315.0472786338099,3.1242628737668308,25.76136786638142,1.0,0.1190562441503703,qn,808,25.76136786638142,24.84952147381661,True,True
qn s909 #3,TT/27C,Lx_8,Ldc3_1,1010.191285,16.673,28.089,31.731,26.10253262120279,19.303167815193405,16.256738561214803,37.79248131824146,324.3927471252002,3.1844177572083745,21.93748166775057,1.0,0.1214265233715889,qn,909,21.93748166775057,26.10253262120279,True,True
qn s1010 #2,TT/27C,Lx_10,Ldc3_1,999.3049733,17.457,18.183,33.588,24.84952147381661,18.964651936726227,15.933430771760753,37.51616145705611,315.0472786338099,3.1242628737668308,25.76136786638142,1.0,0.1190562441503703,qn,1010,25.76136786638142,24.84952147381661,True,True
fa15qc s101 #2,TT/27C,Lx_9,Ldc3_1,745.5586514399871,15.26975092494632,19.842962414349326,23.574783557846928,35.62703118809644,19.47948603422774,16.20308548480679,40.44314075555427,234.91497228529485,3.4208749454256697,10.777284603772882,1.0,0.120659120846185,fa15qc,101,10.777284603741316,35.62703051583361,True,False
fa15qc s202 #1,TT/27C,Lx_9,Ldc3_2,806.5600081344538,12.43513539543787,19.517703271141123,22.28155175171272,34.77228606234653,19.18425630519092,15.891387935253071,39.39418200745677,223.92409340707124,3.199855092574973,11.657325448476987,1.0,0.1434936914745207,fa15qc,202,11.657325448476987,34.77228606234653,True,True
fa15qc s202 #4,TT/27C,Lx_8,Ldc3_1,1122.5111843030886,9.903050114822555,28.544028635083247,23.678266669633423,30.07318352598281,19.59995365384968,16.721884108244975,37.13422454017962,301.1625066464207,3.2325922233345104,20.04994854689092,1.0,0.1412153573696366,fa15qc,202,20.04994854689092,30.07318352598281,True,True
fa15qc s303 #3,TT/27C,Lx_6,Ldc3_1,842.7784757556553,14.585031358416986,29.29775123746543,19.522806238997635,36.36261318606281,19.24451759717485,16.077665355901665,38.91128660672286,217.31522222259085,3.3485454872197,10.228385345006169,1.0,0.1429583971373413,fa15qc,303,10.228385345006169,36.36261318606281,True,True
fa15qc s404 #2,TT/27C,Lx_5,Ldc3_1,1037.5465726771224,2.712124614581789,30.59665020543664,31.426815181916005,29.290551234271167,19.487143295878774,16.684659557609848,37.594658537566254,302.0207207117771,3.019470130159424,16.62851429695633,1.0,0.1384885211927232,fa15qc,404,16.62851429695633,29.290551234271167,True,True
fa15qc s505 #1,TT/27C,Lx_9,Ldc3_1,794.7085575759435,14.558876266111891,19.53093405485502,20.71914682444775,36.34436685694176,19.307883623896785,16.059651927967774,39.58581712612293,220.82260169749367,3.420302407671256,10.995031911663007,1.0,0.117788851714389,fa15qc,505,10.99503191142513,36.34436687002383,True,False
fa15qc s505 #4,TT/27C,Lx_10,Ldc3_1,1053.5251440767538,13.587346488750809,19.686572372783512,24.665972025099943,30.380303571465987,19.3789417412481,16.443832511408097,37.394346675088485,283.6504815886745,3.205381767911439,21.046005481293395,1.0,0.1032115210347482,fa15qc,505,21.04600548150284,30.380303575995075,True,True
fa15qc s606 #3,TT/27C,Lx_5,Ldc3_1,887.1635952169818,16.369256052923923,32.92665821671581,21.886322482860205,34.546276677905105,19.312367742873352,16.250795026448266,38.51652183684767,232.5711187685162,3.238118118406423,10.966979821057116,1.0,0.1442025800721956,fa15qc,606,10.966979821057116,34.546276677905105,True,True
fa15qc s707 #2,TT/27C,Lx_6,Ldc3_2,892.2067145207329,11.759898069642963,28.36315501917939,21.68295020958966,38.01342347790119,19.099836350438068,15.888262064995905,38.33202236319322,212.98729137422123,3.1892334815047945,11.43014462299995,1.0,0.0963618481643079,fa15qc,707,11.430144623355098,38.01342349846416,True,True
fa15qc s808 #1,TT/27C,Lx_6,Ldc3_1,902.6258953030308,14.835034506065195,28.98334432319637,21.272741821825026,38.66187421149754,19.318574084816568,16.261590698788385,38.39371749808439,220.06303660287432,3.2665618658922453,11.526550092625229,1.0,0.0859493780415528,fa15qc,808,11.52655009262113,38.661874858880616,True,True
fa15qc s808 #4,TT/27C,Lx_6,Ldc3_1,892.6062808026261,17.002290703845603,27.456876852998693,23.194153850430112,37.92918608630117,19.27280656439294,16.24404980042569,38.411432522849374,221.9515591861972,3.2017592028073327,11.667141663641315,1.0,0.0923381771439823,fa15qc,808,11.667141663641315,37.92918608630117,True,True
fa15qc s909 #3,TT/27C,Lx_6,Ldc3_1,1124.0268198651395,6.999895779269315,24.30612334791988,30.92155030321128,28.81931738158372,19.102170007473628,16.233302699882945,36.40611555003135,281.0873242904321,3.2325642433029675,18.62218231825901,1.0,0.1427318579626565,fa15qc,909,18.622182318220727,28.81931738144525,True,True
fa15qc s1010 #2,TT/27C,Lx_9,Ldc3_4,792.3989937973697,12.089040750114735,24.154763168225102,23.625025817774624,33.5919403875463,19.289384561542413,15.890378474391705,39.977445865666,237.8372352614002,3.202888030604551,12.328958978034136,1.0,0.1196729614741037,fa15qc,1010,12.328958977871046,33.59194038997646,True,True
qn s101 #1,TT/27C,Lx_8,Ldc3_1,828.5221737141947,15.804756915839477,27.23688866737133,19.46003830182906,36.10906962443868,19.55618635821272,16.351153575007686,39.57116816091621,236.1560659731668,3.382242868137173,11.3900287076812,1.0,0.1224495191008059,qn,101,11.390028708035796,36.10906962462485,True,True
qn s101 #4,TT/27C,Lx_8,Ldc3_1,1010.191285,16.673,28.089,31.731,26.10253262120279,19.303167815193405,16.256738561214803,37.79248131824146,324.3927471252002,3.1844177572083745,21.93748166775057,1.0,0.1214265233715889,qn,101,21.93748166775057,26.10253262120279,True,True
qn s303 #1,TT/27C,Lx_9,Ldc3_3,788.8226909127316,10.813087278194468,25.16505599499268,20.294883445681407,35.85868274111471,19.26117010575692,15.804626678787004,39.89225224086592,221.2695005371761,3.287352516103949,11.311196466729251,1.0,0.1061346877686486,qn,303,11.311196466729251,35.85868274111471,True,True
qn s404 #1,TT/27C,Lx_7,Ldc3_1,765.7487381334262,11.370910502971752,24.932019839930376,24.826609198670347,33.05968085299245,19.469103844958127,16.27271201975042,40.22380570491828,252.51733910717888,3.5429298150893014,11.001028808457058,1.0,0.1554803767196656,qn,404,11.001028808457058,33.05968085299245,True,False
qn s505 #1,TT/27C,Lx_8,Ldc3_1,1010.191285,16.673,28.089,31.731,26.10253262120279,19.303167815193405,16.256738561214803,37.79248131824146,324.3927471252002,3.1844177572083745,21.93748166775057,1.0,0.1214265233715889,qn,505,21.93748166775057,26.10253262120279,True,True
qn s606 #2,TT/27C,Lx_8,Ldc3_1,1010.191285,16.673,28.089,31.731,26.10253262120279,19.303167815193405,16.256738561214803,37.79248131824146,324.3927471252002,3.1844177572083745,21.93748166775057,1.0,0.1214265233715889,qn,606,21.93748166775057,26.10253262120279,True,True
qn s707 #2,TT/27C,Lx_8,Ldc3_1,1010.191285,16.673,28.089,31.731,26.10253262120279,19.303167815193405,16.256738561214803,37.79248131824146,324.3927471252002,3.1844177572083745,21.93748166775057,1.0,0.1214265233715889,qn,707,21.93748166775057,26.10253262120279,True,True
qn s808 #2,TT/27C,Lx_8,Ldc3_1,767.3874943317904,12.776176607089935,23.441845670026527,24.259284810639173,34.25231364118402,19.646575295335428,16.429381594146637,40.412681248505,254.5011966054622,3.4861557779434014,11.10615142026866,1.0,0.149350582100451,qn,808,11.10615142026866,34.25231364118402,True,False
qn s909 #1,TT/27C,Lx_7,Ldc3_2,810.852607628188,7.524290072123663,27.3175969095352,19.77723632654238,33.34126834904081,19.14782876865647,15.848715361983125,39.458554273906216,231.45878721875056,3.49348057684961,10.91487445872188,1.0,0.1423498563464386,qn,909,10.914874458356032,33.3412683475084,True,True
qn s909 #4,TT/27C,Lx_10,Ldc3_1,999.3049733,17.457,18.183,33.588,24.84952147381661,18.964651936726227,15.933430771760753,37.51616145705611,315.0472786338099,3.1242628737668308,25.76136786638142,1.0,0.1190562441503703,qn,909,25.76136786638142,24.84952147381661,True,True
fa15qc s101 #3,TT/27C,Lx_8,Ldc3_2,740.0993781667323,11.12404864203177,23.61927158042641,23.82741001952055,34.6757964043359,19.425692838229303,16.08017842513416,40.58502681293451,238.2101753072085,3.383681462336387,10.447451319578112,1.0,0.1358885883136724,fa15qc,101,10.447451319636444,34.67579632129368,True,False
fa15qc s202 #2,TT/27C,Lx_8,Ldc3_1,1126.5382236706555,7.957685921921389,22.05123089086036,24.754861102042465,30.84169810695886,19.41017666166353,16.52264436348457,36.79003432527824,281.7697666939625,3.2748801971570622,19.410817162385413,1.0,0.1447933428285646,fa15qc,202,19.41081716240157,30.841698107011133,True,True
fa15qc s303 #1,TT/27C,Lx_9,Ldc3_2,886.8155704237399,19.01657802000953,21.317227314620865,19.599523652067088,37.66806106085787,19.03148413622757,15.8016337489558,38.43448608559963,211.3532098398773,3.1365271059411843,12.807726573771902,1.0,0.0550196065932842,fa15qc,303,12.807726573017202,37.668061060488775,True,True
fa15qc s303 #4,TT/27C,Lx_8,Ldc3_3,767.1540079101912,7.872131815708317,25.9238920194172,20.621296397059623,35.951096641386734,19.29961946508063,15.877982926959996,40.13019610353682,222.7872902423612,3.36795805115836,10.384741578349058,1.0,0.1268608582946671,fa15qc,303,10.384741578222467,35.9510966478813,True,True
fa15qc s404 #3,TT/27C,Lx_8,Ldc3_1,950.455683747754,16.569100435406433,30.36317033827645,29.13198819226026,28.111981736330804,19.42961775484672,16.282150537297177,38.430296628845085,310.1566339150694,3.2918711504794502,18.76300706063205,1.0,0.1133930112176581,fa15qc,404,18.76300706063205,28.111981736330804,True,True
fa15qc s505 #2,TT/27C,Lx_9,Ldc3_2,766.8562296513298,14.14865647602427,20.75338335621078,22.45850747788396,35.478293307253324,19.30762400442692,15.98958815604161,40.058066704886215,226.1988157328817,3.238391592390174,11.03658337150963,1.0,0.1217685781449639,fa15qc,505,11.036583371373244,35.4782934239796,True,True
fa15qc s606 #1,TT/27C,Lx_9,Ldc3_1,796.6018952343418,15.189732236925764,18.70205716420594,22.51358932303583,35.53856266275275,19.275524969024232,16.070074251043263,39.49778155672917,224.04849430641212,3.329038043605099,11.374620680586018,1.0,0.1322804703746963,fa15qc,606,11.374620680586018,35.53856266275275,True,False
fa15qc s606 #4,TT/27C,Lx_9,Ldc3_2,708.8296263861596,10.345117180121584,19.146617847822444,24.50509629163536,34.47539550326697,19.21735134772484,15.852977511849732,40.72788278919835,227.69132177238697,3.4499314803230843,10.184599747842515,1.0,0.1254292208729743,fa15qc,606,10.184599747842515,34.47539550326697,True,False
fa15qc s707 #3,TT/27C,Lx_6,Ldc3_2,867.0104761330235,17.98280240590842,29.09230779706873,22.41505476055267,37.19766872437564,19.11261710601385,15.954212421463486,38.60702938164358,218.0820298141605,3.0804049397846724,11.233756539825356,1.0,0.0942895932489217,fa15qc,707,11.23375654019779,37.19766872430751,True,True
fa15qc s808 #2,TT/27C,Lx_6,Ldc3_2,908.625693619319,14.860077852689429,30.89141965208009,20.038444029183008,38.27585691702672,19.13271973319446,15.916926085190903,38.226242500932734,213.1409440572956,3.1952365813783445,11.53815431860751,1.0,0.0842234115489349,fa15qc,808,11.538154318924034,38.27585692562432,True,True
fa15qc s909 #1,TT/27C,Lx_8,Ldc3_1,842.6769779640708,9.781327061964236,27.606530328328468,21.98363064023458,34.05906543285346,19.72596039115751,16.530820764859,39.73542039821467,274.7249050193745,3.558382151208113,12.517574573730904,1.0,0.1082425474787118,fa15qc,909,12.517574573730904,34.05906543285346,True,True
fa15qc s909 #4,TT/27C,Lx_8,Ldc3_1,1016.9267650448032,10.248078782335185,29.99771957038278,26.22616617345063,28.429926590610112,19.60790680168969,16.594520204367033,38.018079455035824,319.1577684828899,3.3301645747009845,18.99500734746397,1.0,0.1250344776527518,fa15qc,909,18.99500734746397,28.429926590610112,True,True
fa15qc s1010 #3,TT/27C,Lx_10,Ldc3_1,1093.257795744334,17.680478643346742,20.020153324052707,26.09648974576521,29.008032823237823,19.25138662462659,16.337008541428776,36.98794145828859,288.4207832093195,3.14791842485104,23.590114123412537,1.0,0.0976908289693237,fa15qc,1010,23.590114123412537,29.008032823237823,True,True
qn s101 #2,TT/27C,Lx_8,Ldc3_1,793.8481024737996,10.999474308565093,24.23037792958504,23.81492443326348,33.054086155348976,19.66712936782423,16.47537890813579,40.18336378716892,265.05003811270296,3.542735541995762,11.654356024180586,1.0,0.1586214831093509,qn,101,11.654356024180586,33.054086155348976,True,False
qn s202 #1,TT/27C,Lx_8,Ldc3_1,1010.191285,16.673,28.089,31.731,26.10253262120279,19.303167815193405,16.256738561214803,37.79248131824146,324.3927471252002,3.1844177572083745,21.93748166775057,1.0,0.1214265233715889,qn,202,21.93748166775057,26.10253262120279,True,True
qn s303 #2,TT/27C,Lx_8,Ldc3_1,1010.191285,16.673,28.089,31.731,26.10253262120279,19.303167815193405,16.256738561214803,37.79248131824146,324.3927471252002,3.1844177572083745,21.93748166775057,1.0,0.1214265233715889,qn,303,21.93748166775057,26.10253262120279,True,True
qn s404 #2,TT/27C,Lx_8,Ldc3_1,1010.191285,16.673,28.089,31.731,26.10253262120279,19.303167815193405,16.256738561214803,37.79248131824146,324.3927471252002,3.1844177572083745,21.93748166775057,1.0,0.1214265233715889,qn,404,21.93748166775057,26.10253262120279,True,True
qn s505 #2,TT/27C,Lx_10,Ldc3_1,999.3049733,17.457,18.183,33.588,24.84952147381661,18.964651936726227,15.933430771760753,37.51616145705611,315.0472786338099,3.1242628737668308,25.76136786638142,1.0,0.1190562441503703,qn,505,25.76136786638142,24.84952147381661,True,True
qn s606 #3,TT/27C,Lx_10,Ldc3_1,999.3049733,17.457,18.183,33.588,24.84952147381661,18.964651936726227,15.933430771760753,37.51616145705611,315.0472786338099,3.1242628737668308,25.76136786638142,1.0,0.1190562441503703,qn,606,25.76136786638142,24.84952147381661,True,True
qn s707 #3,TT/27C,Lx_10,Ldc3_1,999.3049733,17.457,18.183,33.588,24.84952147381661,18.964651936726227,15.933430771760753,37.51616145705611,315.0472786338099,3.1242628737668308,25.76136786638142,1.0,0.1190562441503703,qn,707,25.76136786638142,24.84952147381661,True,True
qn s808 #3,TT/27C,Lx_8,Ldc3_1,1010.191285,16.673,28.089,31.731,26.10253262120279,19.303167815193405,16.256738561214803,37.79248131824146,324.3927471252002,3.1844177572083745,21.93748166775057,1.0,0.1214265233715889,qn,808,21.93748166775057,26.10253262120279,True,True
qn s909 #2,TT/27C,Lx_9,Ldc3_2,1142.548395939169,6.170470171306895,29.06379664407199,19.55851803004128,29.14204408516036,19.01243777980907,15.855095105814602,36.52237364324411,271.9868591406958,3.337282095161934,19.647422444602192,1.0,0.1107981436053893,qn,909,19.647422444602192,29.14204408516036,True,True
qn s1010 #1,TT/27C,Lx_8,Ldc3_1,1010.191285,16.673,28.089,31.731,26.10253262120279,19.303167815193405,16.256738561214803,37.79248131824146,324.3927471252002,3.1844177572083745,21.93748166775057,1.0,0.1214265233715889,qn,1010,21.93748166775057,26.10253262120279,True,True
fa15qc s101 #1,FF/27C,Lx_9,Ldc3_2,763.8880046432458,13.162878982833211,21.55102065555196,21.231057060218443,37.44481099348626,18.737414424246005,14.118865307330656,40.07077544692508,172.98103330375045,3.945880864392514,5.521258627774977,1.0,0.0599171230013571,fa15qc,101,10.749436496231729,36.147282477542944,False,False
fa15qc s101 #4,FF/27C,Lx_5,Ldc3_1,903.7557018397088,15.73474647974682,33.0,19.44243064746119,30.19453339738249,18.5333500622787,13.96287559520071,38.25292063467934,203.15038984346205,3.994532772821487,5.723146409146676,1.0,0.0732532144684137,fa15qc,101,10.797833208333598,34.47407147364799,False,True
fa15qc s202 #3,FF/27C,Lx_8,Ldc3_1,1014.6223184946336,15.575626794675056,18.365703465354432,27.834768043290584,25.313744181668373,17.161036783698012,12.439891445050336,35.67477567757584,185.6704493655846,3.839172696087948,7.71400894510634,1.0,0.027657969719386,fa15qc,202,16.85417978626079,30.824742168890545,False,True
fa15qc s303 #2,FF/27C,Lx_9,Ldc3_1,782.3952453632421,13.15764893134913,24.41200791809036,19.850411637714195,35.29111614529888,19.341881913572788,14.82034449470108,40.585580257940784,215.17761933638832,4.310705257084039,5.684365145466568,1.0,0.0853427978829577,fa15qc,303,11.048511477583403,36.96263268326791,False,False
fa15qc s404 #1,FF/27C,Lx_6,Ldc3_2,835.1162993684327,11.4942850380726,30.06569994777885,23.077440111737424,34.27143103155034,18.717748057938667,14.054713703819658,39.10929980593017,188.01254853383628,3.882317276389104,5.613785498222844,1.0,0.072408273782255,fa15qc,404,10.875712474678036,34.72815482861573,False,True
fa15qc s404 #4,FF/27C,Lx_8,Ldc3_1,1010.191285,16.673,28.089,31.731,33.51097589698092,20.225570241053617,15.969882933589242,38.91156707083262,284.47753471914376,3.3287946401232493,9.29931922054307,1.0,0.1428299480768022,fa15qc,404,21.93748166775057,26.10253262120279,True,True
fa15qc s505 #3,FF/27C,Lx_6,Ldc3_2,800.4432833923106,7.971288560783861,25.849095469879103,24.42807884008976,28.709199984142607,17.99678205313708,13.327113473049195,38.85395905045355,184.78048987894448,4.273470722205718,5.332977610672074,1.0,0.0732936818390121,fa15qc,505,10.217853225580388,33.93247102954753,False,True
fa15qc s606 #2,FF/27C,Lx_5,Ldc3_1,865.8590717315668,16.981086755730146,32.847796136394365,23.246093943628647,33.54733385308558,18.75915547840571,14.252345033732304,38.79129344534536,194.19628152375304,3.898257954144106,5.632389717074465,1.0,0.0627325987666851,fa15qc,606,10.881901344463124,34.58945629910832,False,True
fa15qc s707 #1,FF/27C,Lx_8,Ldc3_3,887.7394397585791,14.860288040862136,28.884854258121344,19.733732769264027,36.56609417754529,19.09999557351384,14.21840401940765,38.92330050099562,194.942802541938,3.473796768691225,6.445710854495953,1.0,0.0507621980628024,fa15qc,707,12.78238841960349,38.26557074427088,False,True
fa15qc s707 #4,FF/27C,Lx_6,Ldc3_2,933.4713425846408,11.010633299913922,28.52955725704164,21.491420142978487,30.781481230171497,18.375711611383625,13.517278732044243,37.71198899917584,191.0150541948196,3.729621082679439,6.209700625910649,1.0,0.0687019561539944,fa15qc,707,12.120723631624449,37.19163763566631,False,True
fa15qc s808 #3,FF/27C,Lx_6,Ldc3_1,917.3735984590626,15.513067795622066,28.58805716516725,22.287135363382173,31.67041252721548,18.56532302874391,13.99461146014707,38.05760174664601,195.34782218658265,3.824408067768514,6.106550866137133,1.0,0.0551776892150192,fa15qc,808,11.982382856929098,38.019099860749854,False,True
fa15qc s909 #2,FF/27C,Lx_6,Ldc3_3,1162.6144056880762,2.0763710018199486,31.347754468030697,28.659289947852404,29.172994473834773,18.93175847755588,13.818943448542385,36.46338907788558,257.1973121561578,3.5954501159115577,9.04995446115373,1.0,0.0619728432573026,fa15qc,909,20.19177041526266,28.97985390967748,False,True
fa15qc s1010 #1,FF/27C,Lx_6,Ldc3_1,787.7411163581901,9.131047871881604,26.542999289836068,25.476535183878823,29.77739167992082,18.35460164138391,13.870452960755506,39.42996633646988,208.7291438513436,4.549880520437747,5.328435514524552,1.0,0.0574967216652991,fa15qc,1010,10.269747574794977,33.63206006876378,False,False
fa15qc s1010 #4,FF/27C,Lx_8,Ldc3_1,1010.191285,16.673,28.089,31.731,33.51097589698092,20.225570241053617,15.969882933589242,38.91156707083262,284.47753471914376,3.3287946401232493,9.29931922054307,1.0,0.1428299480768022,fa15qc,1010,21.93748166775057,26.10253262120279,True,True
qn s101 #3,FF/27C,Lx_9,Ldc3_2,783.9507691963645,15.976022536428806,21.0883122907126,26.01397273891283,37.04473144040817,18.858972121209984,14.330863334177966,39.83036143377077,180.5785599426674,3.5635288222596966,6.0730614691308,1.0,0.0493194271221156,qn,101,12.581470020377504,31.84205703131456,False,True
qn s202 #2,FF/27C,Lx_10,Ldc3_1,999.3049733,17.457,18.183,33.588,29.271904325578944,19.017510266822345,14.622739147908698,37.68738750172213,245.3221050209017,3.502863945216115,10.454571124919577,1.0,0.105352083487809,qn,202,25.76136786638142,24.84952147381661,False,True
qn s303 #3,FF/27C,Lx_10,Ldc3_1,999.3049733,17.457,18.183,33.588,29.271904325578944,19.017510266822345,14.622739147908698,37.68738750172213,245.3221050209017,3.502863945216115,10.454571124919577,1.0,0.105352083487809,qn,303,25.76136786638142,24.84952147381661,False,True
qn s404 #3,FF/27C,Lx_10,Ldc3_1,999.3049733,17.457,18.183,33.588,29.271904325578944,19.017510266822345,14.622739147908698,37.68738750172213,245.3221050209017,3.502863945216115,10.454571124919577,1.0,0.105352083487809,qn,404,25.76136786638142,24.84952147381661,False,True
qn s606 #1,FF/27C,Lx_8,Ldc3_3,834.3583605136317,9.267705220392704,26.35852490179288,21.302311695322263,37.58357454519778,19.0061811143322,14.170714342876932,39.40874968269996,185.04348748418377,3.650239384402417,6.040660055025247,1.0,0.0686680372696063,qn,606,11.93288115899476,34.73615480938316,False,True
qn s707 #1,FF/27C,Lx_7,Ldc3_1,764.5742099255357,11.809164429173148,24.54433336750025,21.586719005081825,31.025402000244988,18.52215841495528,13.964076530596724,39.91291853831248,203.7473185538832,4.534427054918249,5.405984107295602,1.0,0.0804438187642187,qn,707,10.240308129299931,35.079626518644986,False,False
qn s808 #1,FF/27C,Lx_8,Ldc3_3,797.5802723369325,9.179159781682998,26.090163167042444,19.446277681436914,37.68929780741569,18.815016923377,13.99135963867422,39.67960286752762,175.435771875013,3.831287118314115,5.60166809404806,1.0,0.0656791468716124,qn,808,10.710237688242191,36.49107176669374,False,True
qn s808 #4,FF/27C,Lx_10,Ldc3_1,999.3049733,17.457,18.183,33.588,29.271904325578944,19.017510266822345,14.622739147908698,37.68738750172213,245.3221050209017,3.502863945216115,10.454571124919577,1.0,0.105352083487809,qn,808,25.76136786638142,24.84952147381661,False,True
qn s909 #3,FF/27C,Lx_8,Ldc3_1,1010.191285,16.673,28.089,31.731,33.51097589698092,20.225570241053617,15.969882933589242,38.91156707083262,284.47753471914376,3.3287946401232493,9.29931922054307,1.0,0.1428299480768022,qn,909,21.93748166775057,26.10253262120279,True,True
qn s1010 #2,FF/27C,Lx_10,Ldc3_1,999.3049733,17.457,18.183,33.588,29.271904325578944,19.017510266822345,14.622739147908698,37.68738750172213,245.3221050209017,3.502863945216115,10.454571124919577,1.0,0.105352083487809,qn,1010,25.76136786638142,24.84952147381661,False,True
fa15qc s101 #2,FF/27C,Lx_9,Ldc3_1,745.5586514399871,15.26975092494632,19.842962414349326,23.574783557846928,35.49295504080287,18.58184826601775,14.110258392435425,40.15571211369664,175.08106382362584,4.163221499842246,5.469016165672509,1.0,0.0688869971612331,fa15qc,101,10.777284603741316,35.62703051583361,False,False
fa15qc s202 #1,FF/27C,Lx_9,Ldc3_2,806.5600081344538,12.43513539543787,19.517703271141123,22.28155175171272,34.258327702408955,18.261493467344977,13.521520283139129,38.97388139370037,166.41647435032309,3.8815269780515167,5.8582124768402215,1.0,0.0442152131710508,fa15qc,202,11.657325448476987,34.77228606234653,False,True
fa15qc s202 #4,FF/27C,Lx_8,Ldc3_1,1122.5111843030886,9.903050114822555,28.544028635083247,23.678266669633423,32.48197823326598,19.6153618507088,15.065441296949158,37.40836453757751,266.33962494753337,3.63829694946038,9.136407021959064,1.0,0.116684715249393,fa15qc,202,20.04994854689092,30.07318352598281,False,True
fa15qc s303 #3,FF/27C,Lx_6,Ldc3_1,842.7784757556553,14.585031358416986,29.29775123746543,19.522806238997635,30.99331128011524,18.524840529733044,13.993742936536762,38.93284822380244,197.4641075104101,4.166377630427592,5.451947815235623,1.0,0.072546496967112,fa15qc,303,10.228385345006169,36.36261318606281,False,True
fa15qc s404 #2,FF/27C,Lx_5,Ldc3_1,1037.5465726771224,2.712124614581789,30.59665020543664,31.426815181916005,25.478377451341643,18.641743987813875,14.147982158329707,37.11989851164296,247.83083056695588,3.791885760621246,7.607963358945567,1.0,0.0609516706733241,fa15qc,404,16.62851429695633,29.290551234271167,False,True
fa15qc s505 #1,FF/27C,Lx_9,Ldc3_1,794.7085575759435,14.558876266111891,19.53093405485502,20.71914682444775,32.62961739750558,18.35180138345112,13.767581854645822,39.30932550114934,179.0383793114162,4.196141485928034,5.639864798101971,1.0,0.060630671161925,fa15qc,505,10.99503191142513,36.34436687002383,False,False
fa15qc s505 #4,FF/27C,Lx_10,Ldc3_1,1053.5251440767538,13.587346488750809,19.686572372783512,24.665972025099943,31.594510041641527,19.099062329619457,14.535313711566875,37.3882545466789,237.24352876875264,3.650030365613562,9.502151954896242,1.0,0.0735458229740005,fa15qc,505,21.04600548150284,30.380303575995075,False,True
fa15qc s606 #3,FF/27C,Lx_5,Ldc3_1,887.1635952169818,16.369256052923923,32.92665821671581,21.886322482860205,32.27200874662944,18.68509579435932,14.14634535989489,38.518568717408186,197.93331218881173,3.921521975961752,5.716464614398244,1.0,0.0658731667503986,fa15qc,606,10.966979821057116,34.546276677905105,False,True
fa15qc s707 #2,FF/27C,Lx_6,Ldc3_2,892.2067145207329,11.759898069642963,28.36315501917939,21.68295020958966,31.791867505007925,18.37370411364737,13.560784007167822,38.12083342845767,184.8443452088464,3.7938643049568985,5.906198819718235,1.0,0.0660839205508042,fa15qc,707,11.430144623355098,38.01342349846416,False,True
fa15qc s808 #1,FF/27C,Lx_6,Ldc3_1,902.6258953030308,14.835034506065195,28.98334432319637,21.272741821825026,31.380372678152767,18.569388403787823,13.99817552358192,38.25357084250135,197.36784993608617,3.917026504475884,5.953450599431911,1.0,0.0607373678829763,fa15qc,808,11.52655009262113,38.661874858880616,False,True
fa15qc s808 #4,FF/27C,Lx_6,Ldc3_1,892.6062808026261,17.002290703845603,27.456876852998693,23.194153850430112,32.09779553827605,18.420531856751683,13.848520938918384,38.1311071158268,185.4050811453636,3.809618623976119,5.9378603773964285,1.0,0.0429781196046805,fa15qc,808,11.667141663641315,37.92918608630117,False,True
fa15qc s909 #3,FF/27C,Lx_6,Ldc3_1,1124.0268198651395,6.999895779269315,24.30612334791988,30.92155030321128,24.704328963466235,17.725472732603176,13.001677478349132,35.409702214957385,226.95810952386967,3.84365139831382,8.353544474447832,1.0,0.068794357501779,fa15qc,909,18.622182318220727,28.81931738144525,False,True
fa15qc s1010 #2,FF/27C,Lx_9,Ldc3_4,792.3989937973697,12.089040750114735,24.154763168225102,23.625025817774624,39.57820518756617,19.296104287910605,14.634963002227371,40.227155464302335,189.59295612392248,3.4950604244004526,6.060046289629719,1.0,0.0694188475281537,fa15qc,1010,12.328958977871046,33.59194038997646,False,True
qn s101 #1,FF/27C,Lx_8,Ldc3_1,828.5221737141947,15.804756915839477,27.23688866737133,19.46003830182906,35.795889850752644,19.17891786358372,14.694083065461191,39.79640179300487,203.30152237357416,4.029248513172598,5.880916735312355,1.0,0.0608040531178578,qn,101,11.390028708035796,36.10906962462485,False,True
qn s101 #4,FF/27C,Lx_8,Ldc3_1,1010.191285,16.673,28.089,31.731,33.51097589698092,20.225570241053617,15.969882933589242,38.91156707083262,284.47753471914376,3.3287946401232493,9.29931922054307,1.0,0.1428299480768022,qn,101,21.93748166775057,26.10253262120279,True,True
qn s303 #1,FF/27C,Lx_9,Ldc3_3,788.8226909127316,10.813087278194468,25.16505599499268,20.294883445681407,40.0685155348469,19.17748079038752,14.43233884098985,40.20356773902151,181.5545271175435,3.7075183263616536,5.770992716014367,1.0,0.0632312154848728,qn,303,11.311196466729251,35.85868274111471,False,True
qn s404 #1,FF/27C,Lx_7,Ldc3_1,765.7487381334262,11.370910502971752,24.932019839930376,24.826609198670347,31.396273276079345,18.725978619684746,14.252870779281452,40.07336335940769,205.67979299765267,4.417583083587398,5.62911381648676,1.0,0.0834750574929171,qn,404,11.001028808457058,33.05968085299245,False,False
qn s505 #1,FF/27C,Lx_8,Ldc3_1,1010.191285,16.673,28.089,31.731,33.51097589698092,20.225570241053617,15.969882933589242,38.91156707083262,284.47753471914376,3.3287946401232493,9.29931922054307,1.0,0.1428299480768022,qn,505,21.93748166775057,26.10253262120279,True,True
qn s606 #2,FF/27C,Lx_8,Ldc3_1,1010.191285,16.673,28.089,31.731,33.51097589698092,20.225570241053617,15.969882933589242,38.91156707083262,284.47753471914376,3.3287946401232493,9.29931922054307,1.0,0.1428299480768022,qn,606,21.93748166775057,26.10253262120279,True,True
qn s707 #2,FF/27C,Lx_8,Ldc3_1,1010.191285,16.673,28.089,31.731,33.51097589698092,20.225570241053617,15.969882933589242,38.91156707083262,284.47753471914376,3.3287946401232493,9.29931922054307,1.0,0.1428299480768022,qn,707,21.93748166775057,26.10253262120279,True,True
qn s808 #2,FF/27C,Lx_8,Ldc3_1,767.3874943317904,12.776176607089935,23.441845670026527,24.259284810639173,34.53473611594,18.940596943130988,14.48746967249485,40.25145171398108,197.92748125964937,4.244164699257365,5.628047803133292,1.0,0.0802988676578742,qn,808,11.10615142026866,34.25231364118402,False,False
qn s909 #1,FF/27C,Lx_7,Ldc3_2,810.852607628188,7.524290072123663,27.3175969095352,19.77723632654238,32.52018463880475,18.59636151701327,13.93380804892614,39.51542915747618,207.1668940232605,4.3636598359950565,5.759808083865848,1.0,0.0613064706105999,qn,909,10.914874458356032,33.3412683475084,False,True
qn s909 #4,FF/27C,Lx_10,Ldc3_1,999.3049733,17.457,18.183,33.588,29.271904325578944,19.017510266822345,14.622739147908698,37.68738750172213,245.3221050209017,3.502863945216115,10.454571124919577,1.0,0.105352083487809,qn,909,25.76136786638142,24.84952147381661,False,True
fa15qc s101 #3,FF/27C,Lx_8,Ldc3_2,740.0993781667323,11.12404864203177,23.61927158042641,23.82741001952055,36.51701398800816,18.7839099820332,14.225285380183344,40.41189725282745,179.57994827713122,4.073251053756384,5.3797281627409,1.0,0.0830637942961566,fa15qc,101,10.447451319636444,34.67579632129368,False,False
fa15qc s202 #2,FF/27C,Lx_8,Ldc3_1,1126.5382236706555,7.957685921921389,22.05123089086036,24.754861102042465,28.018210994574623,18.41041009546361,13.712617857354353,36.121871066238405,236.22797023905352,3.803151884603001,8.831207263677651,1.0,0.0873114584826448,fa15qc,202,19.41081716240157,30.841698107011133,False,True
fa15qc s303 #1,FF/27C,Lx_9,Ldc3_2,886.8155704237399,19.01657802000953,21.317227314620865,19.599523652067088,33.44131043690295,18.48869655649824,13.711761638016004,38.2965954274896,181.2445719983534,3.594656411008172,6.402849082634599,1.0,0.0126150063929621,fa15qc,303,12.807726573017202,37.668061060488775,False,True
fa15qc s303 #4,FF/27C,Lx_8,Ldc3_3,767.1540079101912,7.872131815708317,25.9238920194172,20.621296397059623,37.77999509631539,18.88642678820828,14.15612851346632,40.15764577165983,178.35493627797436,3.9621330761067424,5.436711159566664,1.0,0.0786691294059991,fa15qc,303,10.384741578222467,35.9510966478813,False,True
fa15qc s404 #3,FF/27C,Lx_8,Ldc3_1,950.455683747754,16.569100435406433,30.36317033827645,29.13198819226026,35.846562799417455,20.33540483069392,16.06985129907696,39.63608644685426,273.4684275602722,3.461870533909461,8.301088065120126,1.0,0.1076659610356754,fa15qc,404,18.76300706063205,28.111981736330804,True,True
fa15qc s505 #2,FF/27C,Lx_9,Ldc3_2,766.8562296513298,14.14865647602427,20.75338335621078,22.45850747788396,37.3058674641159,18.6040682262742,13.992973866785782,39.84451413075217,167.56476429666682,3.831741204775328,5.597968620800174,1.0,0.050053211386568,fa15qc,505,11.036583371373244,35.4782934239796,False,True
fa15qc s606 #1,FF/27C,Lx_9,Ldc3_1,796.6018952343418,15.189732236925764,18.70205716420594,22.51358932303583,32.4275616993294,18.13697006765112,13.567500718955085,39.024920271083374,169.9708222389839,4.105470658907747,5.738255062943754,1.0,0.0472924681574483,fa15qc,606,11.374620680586018,35.53856266275275,False,False
fa15qc s606 #4,FF/27C,Lx_9,Ldc3_2,708.8296263861596,10.345117180121584,19.146617847822444,24.50509629163536,34.60712551226977,18.26786549028085,13.643168305897268,40.28110692929437,165.02351051747797,4.253505327037179,5.206338603858642,1.0,0.0864300314075627,fa15qc,606,10.184599747842515,34.47539550326697,False,False
fa15qc s707 #3,FF/27C,Lx_6,Ldc3_2,867.0104761330235,17.98280240590842,29.09230779706873,22.41505476055267,33.9274300300381,18.506293683567925,13.768502222089026,38.43304997301141,179.4926595819049,3.611064775864784,5.770999849437351,1.0,0.0414115562341595,fa15qc,707,11.23375654019779,37.19766872430751,False,True
fa15qc s808 #2,FF/27C,Lx_6,Ldc3_2,908.625693619319,14.860077852689429,30.89141965208009,20.038444029183008,33.36780926238928,18.6147115738019,13.79847272803194,38.18501193433746,187.8739229665043,3.672541128851344,5.996913885153918,1.0,0.0543227085479364,fa15qc,808,11.538154318924034,38.27585692562432,False,True
fa15qc s909 #1,FF/27C,Lx_8,Ldc3_1,842.6769779640708,9.781327061964236,27.606530328328468,21.98363064023458,35.24958611905936,19.42372342529757,15.029107365958676,39.986686306846416,237.1442162958216,4.267790651241686,6.256791568573643,1.0,0.0706517506530314,fa15qc,909,12.517574573730904,34.05906543285346,False,True
fa15qc s909 #4,FF/27C,Lx_8,Ldc3_1,1016.9267650448032,10.248078782335185,29.99771957038278,26.22616617345063,33.42107665959633,20.06605830282605,15.692326343379593,38.77219026126356,273.87709972852645,3.5827785529994527,8.552838780037993,1.0,0.1261355339474318,fa15qc,909,18.99500734746397,28.429926590610112,True,True
fa15qc s1010 #3,FF/27C,Lx_10,Ldc3_1,1093.257795744334,17.680478643346742,20.020153324052707,26.09648974576521,31.63598453782381,19.21495902129027,14.70396279584393,37.1952104420902,251.24015182281136,3.587481102124844,10.313975736762409,1.0,0.0794571984904541,fa15qc,1010,23.590114123412537,29.008032823237823,False,True
qn s101 #2,FF/27C,Lx_8,Ldc3_1,793.8481024737996,10.999474308565093,24.23037792958504,23.81492443326348,33.07457432188335,19.06917453210304,14.616185505813004,40.09743660884234,213.7840402638645,4.29948859776736,5.858554258808279,1.0,0.0796520145853258,qn,101,11.654356024180586,33.054086155348976,False,False
qn s202 #1,FF/27C,Lx_8,Ldc3_1,1010.191285,16.673,28.089,31.731,33.51097589698092,20.225570241053617,15.969882933589242,38.91156707083262,284.47753471914376,3.3287946401232493,9.29931922054307,1.0,0.1428299480768022,qn,202,21.93748166775057,26.10253262120279,True,True
qn s303 #2,FF/27C,Lx_8,Ldc3_1,1010.191285,16.673,28.089,31.731,33.51097589698092,20.225570241053617,15.969882933589242,38.91156707083262,284.47753471914376,3.3287946401232493,9.29931922054307,1.0,0.1428299480768022,qn,303,21.93748166775057,26.10253262120279,True,True
qn s404 #2,FF/27C,Lx_8,Ldc3_1,1010.191285,16.673,28.089,31.731,33.51097589698092,20.225570241053617,15.969882933589242,38.91156707083262,284.47753471914376,3.3287946401232493,9.29931922054307,1.0,0.1428299480768022,qn,404,21.93748166775057,26.10253262120279,True,True
qn s505 #2,FF/27C,Lx_10,Ldc3_1,999.3049733,17.457,18.183,33.588,29.271904325578944,19.017510266822345,14.622739147908698,37.68738750172213,245.3221050209017,3.502863945216115,10.454571124919577,1.0,0.105352083487809,qn,505,25.76136786638142,24.84952147381661,False,True
qn s606 #3,FF/27C,Lx_10,Ldc3_1,999.3049733,17.457,18.183,33.588,29.271904325578944,19.017510266822345,14.622739147908698,37.68738750172213,245.3221050209017,3.502863945216115,10.454571124919577,1.0,0.105352083487809,qn,606,25.76136786638142,24.84952147381661,False,True
qn s707 #3,FF/27C,Lx_10,Ldc3_1,999.3049733,17.457,18.183,33.588,29.271904325578944,19.017510266822345,14.622739147908698,37.68738750172213,245.3221050209017,3.502863945216115,10.454571124919577,1.0,0.105352083487809,qn,707,25.76136786638142,24.84952147381661,False,True
qn s808 #3,FF/27C,Lx_8,Ldc3_1,1010.191285,16.673,28.089,31.731,33.51097589698092,20.225570241053617,15.969882933589242,38.91156707083262,284.47753471914376,3.3287946401232493,9.29931922054307,1.0,0.1428299480768022,qn,808,21.93748166775057,26.10253262120279,True,True
qn s909 #2,FF/27C,Lx_9,Ldc3_2,1142.548395939169,6.170470171306895,29.06379664407199,19.55851803004128,32.52522259550088,19.3839584127697,14.472782189987706,37.142214500181375,257.07115653367305,3.639570572413557,9.2625774444398,1.0,0.1033341879079151,qn,909,19.647422444602192,29.14204408516036,False,True
qn s1010 #1,FF/27C,Lx_8,Ldc3_1,1010.191285,16.673,28.089,31.731,33.51097589698092,20.225570241053617,15.969882933589242,38.91156707083262,284.47753471914376,3.3287946401232493,9.29931922054307,1.0,0.1428299480768022,qn,1010,21.93748166775057,26.10253262120279,True,True
fa15qc s101 #1,SS/27C,Lx_9,Ldc3_2,763.8880046432458,13.162878982833211,21.55102065555196,21.231057060218443,28.863191481082207,18.27830033515214,16.422685298015633,33.94178359689265,229.60500766586188,3.2129557629076984,26.975384232124263,1.0,0.1198208217681634,fa15qc,101,10.749436496231729,36.147282477542944,True,False
fa15qc s101 #4,SS/27C,Lx_5,Ldc3_1,903.7557018397088,15.73474647974682,33.0,19.44243064746119,33.7405533932786,19.00268912635324,17.768829826797365,32.84297837295776,232.60443340606164,2.8542850220318114,25.59340829805976,1.0,0.156186141836487,fa15qc,101,10.797833208333598,34.47407147364799,True,True
fa15qc s202 #3,SS/27C,Lx_8,Ldc3_1,1014.6223184946336,15.575626794675056,18.365703465354432,27.834768043290584,23.56306888511236,18.295870882797114,17.002181098419147,31.49981484076765,283.2810981331106,2.729403196175051,47.64368652430653,1.0,0.2092535302097689,fa15qc,202,16.85417978626079,30.824742168890545,True,True
fa15qc s303 #2,SS/27C,Lx_9,Ldc3_1,782.3952453632421,13.15764893134913,24.41200791809036,19.850411637714195,27.346542760858345,18.420031532083048,16.617814313690413,33.772216791978565,249.55260915510584,3.4348498479318934,27.11210519506552,1.0,0.126513928807206,fa15qc,303,11.048511477583403,36.96263268326791,True,False
fa15qc s404 #1,SS/27C,Lx_6,Ldc3_2,835.1162993684327,11.4942850380726,30.06569994777885,23.077440111737424,29.28846716029772,18.7575796423458,17.18651701208541,33.62327529219545,254.3303300197132,2.882901687371238,26.726861907045603,1.0,0.1600266427901939,fa15qc,404,10.875712474678036,34.72815482861573,True,True
fa15qc s404 #4,SS/27C,Lx_8,Ldc3_1,1010.191285,16.673,28.089,31.731,14.503599260846087,15.915444474182102,14.707561828528526,29.18568331270274,260.51594353887305,3.240057632280202,66.5300474970423,1.0,0.0557303029022005,fa15qc,404,21.93748166775057,26.10253262120279,False,True
fa15qc s505 #3,SS/27C,Lx_6,Ldc3_2,800.4432833923106,7.971288560783861,25.849095469879103,24.42807884008976,27.9553385750708,18.58406446043692,17.006120733364284,33.90500534650327,256.398536699373,2.9583562716085128,25.189159542974764,1.0,0.186750558930822,fa15qc,505,10.217853225580388,33.93247102954753,True,True
fa15qc s606 #2,SS/27C,Lx_5,Ldc3_1,865.8590717315668,16.981086755730146,32.847796136394365,23.246093943628647,30.481990552286938,18.96950737737769,17.486767293168537,33.28752062899617,256.16022620607146,2.783209570932881,26.77093353350389,1.0,0.1760419990187005,fa15qc,606,10.881901344463124,34.58945629910832,True,True
fa15qc s707 #1,SS/27C,Lx_8,Ldc3_3,887.7394397585791,14.860288040862136,28.884854258121344,19.733732769264027,30.667865008862407,18.141529206140863,16.788696798239766,32.48459385938302,209.2933045473104,2.884875963464632,31.853345413514784,1.0,0.0722257273162071,fa15qc,707,12.78238841960349,38.26557074427088,True,True
fa15qc s707 #4,SS/27C,Lx_6,Ldc3_2,933.4713425846408,11.010633299913922,28.52955725704164,21.491420142978487,30.48290355799074,18.79686312523988,17.562225772044332,32.63460921554103,246.06795559688325,2.7323089516655146,29.77648785573228,1.0,0.1738699954837043,fa15qc,707,12.120723631624449,37.19163763566631,True,True
fa15qc s808 #3,SS/27C,Lx_6,Ldc3_1,917.3735984590626,15.513067795622066,28.58805716516725,22.287135363382173,30.687378786707058,19.010896530216343,17.677720300255253,32.86212982251956,256.90706418569846,2.7986788714299307,29.726935236840387,1.0,0.1755031451493368,fa15qc,808,11.982382856929098,38.019099860749854,True,True
fa15qc s909 #2,SS/27C,Lx_6,Ldc3_3,1162.6144056880762,2.0763710018199486,31.347754468030697,28.659289947852404,18.425496713123174,17.57644694270509,16.481395005016825,30.312825001340578,303.7846742339277,2.7479849558563894,56.63258298230223,1.0,0.2052666986941633,fa15qc,909,20.19177041526266,28.97985390967748,True,True
fa15qc s1010 #1,SS/27C,Lx_6,Ldc3_1,787.7411163581901,9.131047871881604,26.542999289836068,25.476535183878823,26.37693132370916,18.72677035814753,16.905231859605557,34.18937685944015,280.39057452842786,3.144090565383973,25.605873546632687,1.0,0.2093923721052115,fa15qc,1010,10.269747574794977,33.63206006876378,True,False
fa15qc s1010 #4,SS/27C,Lx_8,Ldc3_1,1010.191285,16.673,28.089,31.731,14.503599260846087,15.915444474182102,14.707561828528526,29.18568331270274,260.51594353887305,3.240057632280202,66.5300474970423,1.0,0.0557303029022005,fa15qc,1010,21.93748166775057,26.10253262120279,False,True
qn s101 #3,SS/27C,Lx_9,Ldc3_2,783.9507691963645,15.976022536428806,21.0883122907126,26.01397273891283,23.75136420149504,17.543849959208558,15.663034468612985,33.07795885042721,234.954061592858,3.1720280920680697,34.34630382216,1.0,0.1072084118618146,qn,101,12.581470020377504,31.84205703131456,True,True
qn s202 #2,SS/27C,Lx_10,Ldc3_1,999.3049733,17.457,18.183,33.588,12.72357446137034,15.061689391374657,13.86731445568972,28.404804211618423,242.19799739536737,3.272541867674083,83.28194468830002,1.0,0.0179975905678372,qn,202,25.76136786638142,24.84952147381661,False,True
qn s303 #3,SS/27C,Lx_10,Ldc3_1,999.3049733,17.457,18.183,33.588,12.72357446137034,15.061689391374657,13.86731445568972,28.404804211618423,242.19799739536737,3.272541867674083,83.28194468830002,1.0,0.0179975905678372,qn,303,25.76136786638142,24.84952147381661,False,True
qn s404 #3,SS/27C,Lx_10,Ldc3_1,999.3049733,17.457,18.183,33.588,12.72357446137034,15.061689391374657,13.86731445568972,28.404804211618423,242.19799739536737,3.272541867674083,83.28194468830002,1.0,0.0179975905678372,qn,404,25.76136786638142,24.84952147381661,False,True
qn s606 #1,SS/27C,Lx_8,Ldc3_3,834.3583605136317,9.267705220392704,26.35852490179288,21.302311695322263,28.392298708722173,18.226061733401973,16.697680577216314,33.20452664847919,231.30457714666505,3.084115219584702,29.82462664029094,1.0,0.1068640475343829,qn,606,11.93288115899476,34.73615480938316,True,True
qn s707 #1,SS/27C,Lx_7,Ldc3_1,764.5742099255357,11.809164429173148,24.54433336750025,21.586719005081825,29.22332231623778,18.80355779731426,16.93873647287178,34.33209855382961,256.3703258059466,3.270847061856219,24.679924983576377,1.0,0.162957081559915,qn,707,10.240308129299931,35.079626518644986,True,False
qn s808 #1,SS/27C,Lx_8,Ldc3_3,797.5802723369325,9.179159781682998,26.090163167042444,19.446277681436914,31.12503043700752,18.42238595083653,16.867699984272463,33.73587614221192,220.87142302079783,3.102668844426513,25.74828422823169,1.0,0.1111822055889153,qn,808,10.710237688242191,36.49107176669374,True,True
qn s808 #4,SS/27C,Lx_10,Ldc3_1,999.3049733,17.457,18.183,33.588,12.72357446137034,15.061689391374657,13.86731445568972,28.404804211618423,242.19799739536737,3.272541867674083,83.28194468830002,1.0,0.0179975905678372,qn,808,25.76136786638142,24.84952147381661,False,True
qn s909 #3,SS/27C,Lx_8,Ldc3_1,1010.191285,16.673,28.089,31.731,14.503599260846087,15.915444474182102,14.707561828528526,29.18568331270274,260.51594353887305,3.240057632280202,66.5300474970423,1.0,0.0557303029022005,qn,909,21.93748166775057,26.10253262120279,False,True
qn s1010 #2,SS/27C,Lx_10,Ldc3_1,999.3049733,17.457,18.183,33.588,12.72357446137034,15.061689391374657,13.86731445568972,28.404804211618423,242.19799739536737,3.272541867674083,83.28194468830002,1.0,0.0179975905678372,qn,1010,25.76136786638142,24.84952147381661,False,True
fa15qc s101 #2,SS/27C,Lx_9,Ldc3_1,745.5586514399871,15.26975092494632,19.842962414349326,23.574783557846928,26.75846900588624,18.39791548480948,16.30350762796664,34.22805490553958,254.6853436362269,3.2984513268076063,27.771628853527165,1.0,0.1528690977714183,fa15qc,101,10.777284603741316,35.62703051583361,True,False
fa15qc s202 #1,SS/27C,Lx_9,Ldc3_2,806.5600081344538,12.43513539543787,19.517703271141123,22.28155175171272,28.105509006670083,18.33172759441368,16.679308372509592,33.48766501893908,238.7575396351849,3.084732742165085,29.92839004413828,1.0,0.1232203837560319,fa15qc,202,11.657325448476987,34.77228606234653,True,True
fa15qc s202 #4,SS/27C,Lx_8,Ldc3_1,1122.5111843030886,9.903050114822555,28.544028635083247,23.678266669633423,19.59165414409832,17.60980334621607,16.50827651745686,30.10506895567569,287.95480413982364,3.116696074233509,54.90284032440992,1.0,0.1488137807729706,fa15qc,202,20.04994854689092,30.07318352598281,True,True
fa15qc s303 #3,SS/27C,Lx_6,Ldc3_1,842.7784757556553,14.585031358416986,29.29775123746543,19.522806238997635,34.16533515161639,19.095892482089635,17.710582834334787,33.55366429727019,235.36102483225983,2.94258076034039,24.100191261701045,1.0,0.1399083192167626,fa15qc,303,10.228385345006169,36.36261318606281,True,True
fa15qc s404 #2,SS/27C,Lx_5,Ldc3_1,1037.5465726771224,2.712124614581789,30.59665020543664,31.426815181916005,17.42098773257514,17.89536001266343,16.517335360341665,31.423221701066552,350.6831660221491,2.914205537245247,46.38518986639776,1.0,0.2562079503467643,fa15qc,404,16.62851429695633,29.290551234271167,False,True
fa15qc s505 #1,SS/27C,Lx_9,Ldc3_1,794.7085575759435,14.558876266111891,19.53093405485502,20.71914682444775,30.265846024899023,18.7162458304665,17.032191548342233,33.82473560469337,242.5468242965288,3.1819332584693694,27.311588477636857,1.0,0.1253217791750996,fa15qc,505,10.99503191142513,36.34436687002383,True,False
fa15qc s505 #4,SS/27C,Lx_10,Ldc3_1,1053.5251440767538,13.587346488750809,19.686572372783512,24.665972025099943,18.60408904169308,16.914377426662213,15.80746703568078,29.800010616098355,257.37012759317497,3.206224267771028,59.90242093220928,1.0,0.0732326641402904,fa15qc,505,21.04600548150284,30.380303575995075,True,True
fa15qc s606 #3,SS/27C,Lx_5,Ldc3_1,887.1635952169818,16.369256052923923,32.92665821671581,21.886322482860205,31.67419907763702,19.01040402420204,17.63145105634595,33.0826135859051,248.8745291699165,2.793320075253658,26.653938364780345,1.0,0.1716020037051633,fa15qc,606,10.966979821057116,34.546276677905105,True,True
fa15qc s707 #2,SS/27C,Lx_6,Ldc3_2,892.2067145207329,11.759898069642963,28.36315501917939,21.68295020958966,30.89894224347204,18.805849741331823,17.470228944552865,33.0025416818748,243.7916651714572,2.749383838951427,27.91650450193684,1.0,0.1642344215490751,fa15qc,707,11.430144623355098,38.01342349846416,True,True
fa15qc s808 #1,SS/27C,Lx_6,Ldc3_1,902.6258953030308,14.835034506065195,28.98334432319637,21.272741821825026,31.76507585805809,19.05633301564038,17.723762617231554,33.00830102357168,250.8274888529237,2.8455231345265988,28.127005442703105,1.0,0.1646954925307707,fa15qc,808,11.52655009262113,38.661874858880616,True,True
fa15qc s808 #4,SS/27C,Lx_6,Ldc3_1,892.6062808026261,17.002290703845603,27.456876852998693,23.194153850430112,30.349729830084687,18.961085522830142,17.529938062296438,33.03489699371466,256.7730451233703,2.754023575548987,29.14457868144469,1.0,0.1774081747006173,fa15qc,808,11.667141663641315,37.92918608630117,True,True
fa15qc s909 #3,SS/27C,Lx_6,Ldc3_1,1124.0268198651395,6.999895779269315,24.30612334791988,30.92155030321128,19.87542773117666,18.17029319586848,16.959650973670875,30.84469070904404,325.11982809056417,2.6824206727713835,52.98864111863746,1.0,0.2951620423570599,fa15qc,909,18.622182318220727,28.81931738144525,True,True
fa15qc s1010 #2,SS/27C,Lx_9,Ldc3_4,792.3989937973697,12.089040750114735,24.154763168225102,23.625025817774624,25.314107084569805,17.444825667294598,15.722724922119388,32.90715251091153,215.3907015330981,3.214481560501229,32.62747459191623,1.0,0.0888877101430958,fa15qc,1010,12.328958977871046,33.59194038997646,True,True
qn s101 #1,SS/27C,Lx_8,Ldc3_1,828.5221737141947,15.804756915839477,27.23688866737133,19.46003830182906,30.583646698867582,18.70921138115756,17.152606120271862,33.47456768868086,239.6327146141145,3.173687627501325,27.73985905692081,1.0,0.105921863419315,qn,101,11.390028708035796,36.10906962462485,True,True
qn s101 #4,SS/27C,Lx_8,Ldc3_1,1010.191285,16.673,28.089,31.731,14.503599260846087,15.915444474182102,14.707561828528526,29.18568331270274,260.51594353887305,3.240057632280202,66.5300474970423,1.0,0.0557303029022005,qn,101,21.93748166775057,26.10253262120279,False,True
qn s303 #1,SS/27C,Lx_9,Ldc3_3,788.8226909127316,10.813087278194468,25.16505599499268,20.294883445681407,28.83648955989764,17.909255127940003,16.267226096982377,33.34268350124332,210.81290426767123,3.206341194062096,28.17641663259293,1.0,0.0908583455370432,qn,303,11.311196466729251,35.85868274111471,True,True
qn s404 #1,SS/27C,Lx_7,Ldc3_1,765.7487381334262,11.370910502971752,24.932019839930376,24.826609198670347,24.517539537931395,18.44581347911417,16.37147089084021,34.140067066412314,281.0916996266557,3.3405119296165013,27.890332743589106,1.0,0.1863865554914393,qn,404,11.001028808457058,33.05968085299245,True,False
qn s505 #1,SS/27C,Lx_8,Ldc3_1,1010.191285,16.673,28.089,31.731,14.503599260846087,15.915444474182102,14.707561828528526,29.18568331270274,260.51594353887305,3.240057632280202,66.5300474970423,1.0,0.0557303029022005,qn,505,21.93748166775057,26.10253262120279,False,True
qn s606 #2,SS/27C,Lx_8,Ldc3_1,1010.191285,16.673,28.089,31.731,14.503599260846087,15.915444474182102,14.707561828528526,29.18568331270274,260.51594353887305,3.240057632280202,66.5300474970423,1.0,0.0557303029022005,qn,606,21.93748166775057,26.10253262120279,False,True
qn s707 #2,SS/27C,Lx_8,Ldc3_1,1010.191285,16.673,28.089,31.731,14.503599260846087,15.915444474182102,14.707561828528526,29.18568331270274,260.51594353887305,3.240057632280202,66.5300474970423,1.0,0.0557303029022005,qn,707,21.93748166775057,26.10253262120279,False,True
qn s808 #2,SS/27C,Lx_8,Ldc3_1,767.3874943317904,12.776176607089935,23.441845670026527,24.259284810639173,25.01134545057648,18.48147262101668,16.39899428355222,34.1202656247135,276.8115000211584,3.3503455970218514,28.47729074266164,1.0,0.1731538271757025,qn,808,11.10615142026866,34.25231364118402,True,False
qn s909 #1,SS/27C,Lx_7,Ldc3_2,810.852607628188,7.524290072123663,27.3175969095352,19.77723632654238,28.7695537038088,18.54831819314548,16.991684105537217,33.72773485806059,247.0856072732454,3.233030206083096,26.02937505513983,1.0,0.124501537138932,qn,909,10.914874458356032,33.3412683475084,True,True
qn s909 #4,SS/27C,Lx_10,Ldc3_1,999.3049733,17.457,18.183,33.588,12.72357446137034,15.061689391374657,13.86731445568972,28.404804211618423,242.19799739536737,3.272541867674083,83.28194468830002,1.0,0.0179975905678372,qn,909,25.76136786638142,24.84952147381661,False,True
fa15qc s101 #3,SS/27C,Lx_8,Ldc3_2,740.0993781667323,11.12404864203177,23.61927158042641,23.82741001952055,26.03428139054662,18.27847421481286,16.125260561188508,34.39225102597395,254.56445458623867,3.293320058126506,26.473005570093232,1.0,0.1652235559767809,fa15qc,101,10.447451319636444,34.67579632129368,True,False
fa15qc s202 #2,SS/27C,Lx_8,Ldc3_1,1126.5382236706555,7.957685921921389,22.05123089086036,24.754861102042465,21.32888005356881,18.168717321201523,17.045512355928945,30.682907803677647,301.63902098170064,2.966955518822823,53.656635954825695,1.0,0.2060023605122412,fa15qc,202,19.41081716240157,30.841698107011133,True,True
fa15qc s303 #1,SS/27C,Lx_9,Ldc3_2,886.8155704237399,19.01657802000953,21.317227314620865,19.599523652067088,30.631567376272884,18.25244385554995,16.88664856293199,32.505784680577584,215.0461662062164,2.84484640528718,32.415011369731424,1.0,0.0761238027711013,fa15qc,303,12.807726573017202,37.668061060488775,True,True
fa15qc s303 #4,SS/27C,Lx_8,Ldc3_3,767.1540079101912,7.872131815708317,25.9238920194172,20.621296397059623,28.92313229848243,18.326066698080247,16.55820728303108,34.104995264733,231.7014195638,3.2611811780641125,25.25782498277844,1.0,0.13422484334693,fa15qc,303,10.384741578222467,35.9510966478813,True,True
fa15qc s404 #3,SS/27C,Lx_8,Ldc3_1,950.455683747754,16.569100435406433,30.36317033827645,29.13198819226026,16.49918982607091,16.379864861910683,15.10151298397242,30.127225167882617,255.7140406222837,3.307625665741551,54.56066405916601,1.0,0.0629185318688625,fa15qc,404,18.76300706063205,28.111981736330804,False,True
fa15qc s505 #2,SS/27C,Lx_9,Ldc3_2,766.8562296513298,14.14865647602427,20.75338335621078,22.45850747788396,28.07322647800547,18.197020770982306,16.32283023944414,33.83831155789125,231.62295682981068,3.156524758122879,28.304712881686743,1.0,0.1203507947775317,fa15qc,505,11.036583371373244,35.4782934239796,True,True
fa15qc s606 #1,SS/27C,Lx_9,Ldc3_1,796.6018952343418,15.189732236925764,18.70205716420594,22.51358932303583,28.737730472067625,18.61504135714455,16.881409962464648,33.72947956362652,249.48014683903529,3.1316317749503733,29.181622127418336,1.0,0.1344019573864168,fa15qc,606,11.374620680586018,35.53856266275275,True,False
fa15qc s606 #4,SS/27C,Lx_9,Ldc3_2,708.8296263861596,10.345117180121584,19.146617847822444,24.50509629163536,24.93673406220516,18.080529977173995,15.737611420833424,34.64049942220332,252.7102766232759,3.3766404248458586,26.155862405078413,1.0,0.1758852994817186,fa15qc,606,10.184599747842515,34.47539550326697,True,False
fa15qc s707 #3,SS/27C,Lx_6,Ldc3_2,867.0104761330235,17.98280240590842,29.09230779706873,22.41505476055267,30.559054598350915,18.714251958304704,17.246371566571842,33.15054418540036,240.78089915353453,2.63778963993163,27.81504876010064,1.0,0.15436861815751,fa15qc,707,11.23375654019779,37.19766872430751,True,True
fa15qc s808 #2,SS/27C,Lx_6,Ldc3_2,908.625693619319,14.860077852689429,30.89141965208009,20.038444029183008,32.22347210103804,18.80888372557202,17.50781852492856,32.809329969596746,233.4284739407264,2.7306968763837056,27.880361370012576,1.0,0.1478545737368611,fa15qc,808,11.538154318924034,38.27585692562432,True,True
fa15qc s909 #1,SS/27C,Lx_8,Ldc3_1,842.6769779640708,9.781327061964236,27.606530328328468,21.98363064023458,23.804502201631617,18.397181673612764,16.694317823107195,33.184455244935585,286.2408764052723,3.433206697610416,31.61371958789228,1.0,0.136054722545828,fa15qc,909,12.517574573730904,34.05906543285346,True,True
fa15qc s909 #4,SS/27C,Lx_8,Ldc3_1,1016.9267650448032,10.248078782335185,29.99771957038278,26.22616617345063,16.798231308779666,17.06877252197627,15.82254335925281,30.30450045553672,293.68449244693466,3.3405806533576565,53.30490513431546,1.0,0.1300280555957108,fa15qc,909,18.99500734746397,28.429926590610112,True,True
fa15qc s1010 #3,SS/27C,Lx_10,Ldc3_1,1093.257795744334,17.680478643346742,20.020153324052707,26.09648974576521,17.368839863537243,16.348803064344605,15.2416655805108,28.955838896805325,241.1277401003047,3.140737004567617,69.64539995478604,1.0,0.0261660730673899,fa15qc,1010,23.590114123412537,29.008032823237823,False,True
qn s101 #2,SS/27C,Lx_8,Ldc3_1,793.8481024737996,10.999474308565093,24.23037792958504,23.81492443326348,23.98986756241901,18.44360776066263,16.50693059043166,33.804168738193624,286.04719184218465,3.3962731904057057,29.9004459670443,1.0,0.166587433197422,qn,101,11.654356024180586,33.054086155348976,True,False
qn s202 #1,SS/27C,Lx_8,Ldc3_1,1010.191285,16.673,28.089,31.731,14.503599260846087,15.915444474182102,14.707561828528526,29.18568331270274,260.51594353887305,3.240057632280202,66.5300474970423,1.0,0.0557303029022005,qn,202,21.93748166775057,26.10253262120279,False,True
qn s303 #2,SS/27C,Lx_8,Ldc3_1,1010.191285,16.673,28.089,31.731,14.503599260846087,15.915444474182102,14.707561828528526,29.18568331270274,260.51594353887305,3.240057632280202,66.5300474970423,1.0,0.0557303029022005,qn,303,21.93748166775057,26.10253262120279,False,True
qn s404 #2,SS/27C,Lx_8,Ldc3_1,1010.191285,16.673,28.089,31.731,14.503599260846087,15.915444474182102,14.707561828528526,29.18568331270274,260.51594353887305,3.240057632280202,66.5300474970423,1.0,0.0557303029022005,qn,404,21.93748166775057,26.10253262120279,False,True
qn s505 #2,SS/27C,Lx_10,Ldc3_1,999.3049733,17.457,18.183,33.588,12.72357446137034,15.061689391374657,13.86731445568972,28.404804211618423,242.19799739536737,3.272541867674083,83.28194468830002,1.0,0.0179975905678372,qn,505,25.76136786638142,24.84952147381661,False,True
qn s606 #3,SS/27C,Lx_10,Ldc3_1,999.3049733,17.457,18.183,33.588,12.72357446137034,15.061689391374657,13.86731445568972,28.404804211618423,242.19799739536737,3.272541867674083,83.28194468830002,1.0,0.0179975905678372,qn,606,25.76136786638142,24.84952147381661,False,True
qn s707 #3,SS/27C,Lx_10,Ldc3_1,999.3049733,17.457,18.183,33.588,12.72357446137034,15.061689391374657,13.86731445568972,28.404804211618423,242.19799739536737,3.272541867674083,83.28194468830002,1.0,0.0179975905678372,qn,707,25.76136786638142,24.84952147381661,False,True
qn s808 #3,SS/27C,Lx_8,Ldc3_1,1010.191285,16.673,28.089,31.731,14.503599260846087,15.915444474182102,14.707561828528526,29.18568331270274,260.51594353887305,3.240057632280202,66.5300474970423,1.0,0.0557303029022005,qn,808,21.93748166775057,26.10253262120279,False,True
qn s909 #2,SS/27C,Lx_9,Ldc3_2,1142.548395939169,6.170470171306895,29.06379664407199,19.55851803004128,20.38660603858893,17.254795666475623,16.144832689552807,29.694049823676828,254.5209037523864,3.144198756897557,51.36455913059017,1.0,0.121077732824267,qn,909,19.647422444602192,29.14204408516036,True,True
qn s1010 #1,SS/27C,Lx_8,Ldc3_1,1010.191285,16.673,28.089,31.731,14.503599260846087,15.915444474182102,14.707561828528526,29.18568331270274,260.51594353887305,3.240057632280202,66.5300474970423,1.0,0.0557303029022005,qn,1010,21.93748166775057,26.10253262120279,False,True
fa15qc s101 #1,FF/-40C,Lx_9,Ldc3_2,763.8880046432458,13.162878982833211,21.55102065555196,21.231057060218443,49.69552160422535,19.217047960527736,14.90442932530165,41.63844127342232,167.39394626075932,4.277139645474626,0.4117863847673461,1.0,0.0261023051696122,fa15qc,101,10.749436496231729,36.147282477542944,False,False
fa15qc s101 #4,FF/-40C,Lx_5,Ldc3_1,903.7557018397088,15.73474647974682,33.0,19.44243064746119,39.73224530527784,18.95974459985992,14.68246756540062,39.674247149203865,196.07656654953567,4.421638007744049,4.555834126576921,1.0,0.0620566836978404,fa15qc,101,10.797833208333598,34.47407147364799,False,True
fa15qc s202 #3,FF/-40C,Lx_8,Ldc3_1,1014.6223184946336,15.575626794675056,18.365703465354432,27.834768043290584,29.617022621857213,17.546737535699958,13.172793170363263,37.07051319988489,158.1609904500498,3.90154402410932,6.059751359342839,1.0,-0.0054639302934763,fa15qc,202,16.85417978626079,30.824742168890545,False,True
fa15qc s303 #2,FF/-40C,Lx_9,Ldc3_1,782.3952453632421,13.15764893134913,24.41200791809036,19.850411637714195,45.56944513690453,19.994525589135407,15.59647885447957,42.132879592648365,218.47489777364407,4.735371935008712,-3.600311786875107,1.0,0.0858791540135469,fa15qc,303,11.048511477583403,36.96263268326791,False,False
fa15qc s404 #1,FF/-40C,Lx_6,Ldc3_2,835.1162993684327,11.4942850380726,30.06569994777885,23.077440111737424,45.45889305608311,19.14415102292292,14.81953260488928,40.63140059042273,179.2446735514525,4.264201442315603,4.467531843279655,1.0,0.0318380725267341,fa15qc,404,10.875712474678036,34.72815482861573,False,True
fa15qc s404 #4,FF/-40C,Lx_8,Ldc3_1,1010.191285,16.673,28.089,31.731,41.38792101641056,20.87522411176208,16.988916455539105,40.6520388852692,271.40049923584274,3.556484309016951,7.086626428731713,1.0,0.0803045765857069,fa15qc,404,21.93748166775057,26.10253262120279,True,True
fa15qc s505 #3,FF/-40C,Lx_6,Ldc3_2,800.4432833923106,7.971288560783861,25.849095469879103,24.42807884008976,34.18254988220985,18.45145263314201,14.047733033465054,40.31908914174777,175.5504259257174,4.764512377364641,4.031620831794681,1.0,0.021119409903288,fa15qc,505,10.217853225580388,33.93247102954753,False,True
fa15qc s606 #2,FF/-40C,Lx_5,Ldc3_1,865.8590717315668,16.981086755730146,32.847796136394365,23.246093943628647,44.72239416952555,19.17121353688124,14.975187459516796,40.26120115739612,183.3442151467419,4.2345786829738215,4.471401042824778,1.0,0.0417018358720396,fa15qc,606,10.881901344463124,34.58945629910832,False,True
fa15qc s707 #1,FF/-40C,Lx_8,Ldc3_3,887.7394397585791,14.860288040862136,28.884854258121344,19.733732769264027,49.51469705553747,19.55717021000498,15.087989021882665,40.49588302866447,180.77815952650909,3.610409030902234,5.10591446805652,1.0,0.011066836823513,fa15qc,707,12.78238841960349,38.26557074427088,False,True
fa15qc s707 #4,FF/-40C,Lx_6,Ldc3_2,933.4713425846408,11.010633299913922,28.52955725704164,21.491420142978487,36.61650035245036,18.76364646453365,14.301169673059492,39.180414233887326,178.1312352350123,4.139065330585283,4.925698026808894,1.0,0.0306506984662406,fa15qc,707,12.120723631624449,37.19163763566631,False,True
fa15qc s808 #3,FF/-40C,Lx_6,Ldc3_1,917.3735984590626,15.513067795622066,28.58805716516725,22.287135363382173,42.4730589989421,18.95336568779556,14.718266024476875,39.50994697649663,183.15166060620007,4.191265424854355,4.849889549803147,1.0,0.0310008975041334,fa15qc,808,11.982382856929098,38.019099860749854,False,True
fa15qc s909 #2,FF/-40C,Lx_6,Ldc3_3,1162.6144056880762,2.0763710018199486,31.347754468030697,28.659289947852404,40.28272404392955,19.61677389625924,14.853027489681615,38.051776350998026,223.3441826561676,3.717610711805494,6.952558423027366,1.0,0.03354145346214,fa15qc,909,20.19177041526266,28.97985390967748,False,True
fa15qc s1010 #1,FF/-40C,Lx_6,Ldc3_1,787.7411163581901,9.131047871881604,26.542999289836068,25.476535183878823,32.28056520707404,18.83613260401484,14.557101725973848,40.877745615266186,205.9800197717949,5.058962596964994,-2.8668795694701354,1.0,0.034931417102905,fa15qc,1010,10.269747574794977,33.63206006876378,False,False
fa15qc s1010 #4,FF/-40C,Lx_8,Ldc3_1,1010.191285,16.673,28.089,31.731,41.38792101641056,20.87522411176208,16.988916455539105,40.6520388852692,271.40049923584274,3.556484309016951,7.086626428731713,1.0,0.0803045765857069,fa15qc,1010,21.93748166775057,26.10253262120279,True,True
qn s101 #3,FF/-40C,Lx_9,Ldc3_2,783.9507691963645,15.976022536428806,21.0883122907126,26.01397273891283,49.23437553152591,19.33816722446544,15.195051641668677,41.48170096125072,173.38276403051933,3.773895043986488,4.100026396792388,1.0,0.0004940997448715,qn,101,12.581470020377504,31.84205703131456,False,True
qn s202 #2,FF/-40C,Lx_10,Ldc3_1,999.3049733,17.457,18.183,33.588,35.73214767886707,19.503948043564563,15.459229532400965,39.24510138262443,221.66636152995235,3.5692208740965152,7.918013393651922,1.0,0.048319827747155,qn,202,25.76136786638142,24.84952147381661,False,True
qn s303 #3,FF/-40C,Lx_10,Ldc3_1,999.3049733,17.457,18.183,33.588,35.73214767886707,19.503948043564563,15.459229532400965,39.24510138262443,221.66636152995235,3.5692208740965152,7.918013393651922,1.0,0.048319827747155,qn,303,25.76136786638142,24.84952147381661,False,True
qn s404 #3,FF/-40C,Lx_10,Ldc3_1,999.3049733,17.457,18.183,33.588,35.73214767886707,19.503948043564563,15.459229532400965,39.24510138262443,221.66636152995235,3.5692208740965152,7.918013393651922,1.0,0.048319827747155,qn,404,25.76136786638142,24.84952147381661,False,True
qn s606 #1,FF/-40C,Lx_8,Ldc3_3,834.3583605136317,9.267705220392704,26.35852490179288,21.302311695322263,49.05159071634365,19.43517209016971,15.011133325032642,40.971224228611256,177.71825398483878,3.99896525076682,4.80289255456653,1.0,0.0216186355450164,qn,606,11.93288115899476,34.73615480938316,False,True
qn s707 #1,FF/-40C,Lx_7,Ldc3_1,764.5742099255357,11.809164429173148,24.54433336750025,21.586719005081825,38.815284229848544,19.013261804763456,14.597248560614323,41.31334807274058,204.4543213329143,5.0478145262106535,-4.809327494219185,1.0,0.0765965434170808,qn,707,10.240308129299931,35.079626518644986,False,False
qn s808 #1,FF/-40C,Lx_8,Ldc3_3,797.5802723369325,9.179159781682998,26.090163167042444,19.446277681436914,49.42608127510557,19.23345850515948,14.780981492147763,41.21320415812144,168.3093054330351,4.212654775397397,4.486187127748815,1.0,0.0183826054329145,qn,808,10.710237688242191,36.49107176669374,False,True
qn s808 #4,FF/-40C,Lx_10,Ldc3_1,999.3049733,17.457,18.183,33.588,35.73214767886707,19.503948043564563,15.459229532400965,39.24510138262443,221.66636152995235,3.5692208740965152,7.918013393651922,1.0,0.048319827747155,qn,808,25.76136786638142,24.84952147381661,False,True
qn s909 #3,FF/-40C,Lx_8,Ldc3_1,1010.191285,16.673,28.089,31.731,41.38792101641056,20.87522411176208,16.988916455539105,40.6520388852692,271.40049923584274,3.556484309016951,7.086626428731713,1.0,0.0803045765857069,qn,909,21.93748166775057,26.10253262120279,True,True
qn s1010 #2,FF/-40C,Lx_10,Ldc3_1,999.3049733,17.457,18.183,33.588,35.73214767886707,19.503948043564563,15.459229532400965,39.24510138262443,221.66636152995235,3.5692208740965152,7.918013393651922,1.0,0.048319827747155,qn,1010,25.76136786638142,24.84952147381661,False,True
fa15qc s101 #2,FF/-40C,Lx_9,Ldc3_1,745.5586514399871,15.26975092494632,19.842962414349326,23.574783557846928,47.658981408279374,19.12546926595059,14.84349261809685,41.67698087435299,170.8910002648252,4.495376832899456,-5.530153998039473,1.0,0.0589163267601115,fa15qc,101,10.777284603741316,35.62703051583361,False,False
fa15qc s202 #1,FF/-40C,Lx_9,Ldc3_2,806.5600081344538,12.43513539543787,19.517703271141123,22.28155175171272,46.74415460281684,18.70021944216596,14.31052862643388,40.49637320326519,157.24706806395946,4.218927354933122,4.655240397864735,1.0,0.0091428468266718,fa15qc,202,11.657325448476987,34.77228606234653,False,True
fa15qc s202 #4,FF/-40C,Lx_8,Ldc3_1,1122.5111843030886,9.903050114822555,28.544028635083247,23.678266669633423,37.18232004600264,20.160530404188485,16.004344788262774,38.95667193850587,252.1776844000356,3.799820574939519,7.0823732657236045,1.0,0.0843163655160364,fa15qc,202,20.04994854689092,30.07318352598281,True,True
fa15qc s303 #3,FF/-40C,Lx_6,Ldc3_1,842.7784757556553,14.585031358416986,29.29775123746543,19.522806238997635,41.08103863730937,19.010104559884784,14.674024225483922,40.36276480897279,192.2709287738776,4.570648715634316,2.9449353113589507,1.0,0.0651297910554986,fa15qc,303,10.228385345006169,36.36261318606281,False,True
fa15qc s404 #2,FF/-40C,Lx_5,Ldc3_1,1037.5465726771224,2.712124614581789,30.59665020543664,31.426815181916005,28.12329655572113,19.00403476022276,14.93553396973446,38.6085795558804,247.1497383903222,4.248555408934371,5.883407538172382,1.0,0.0715389817767137,fa15qc,404,16.62851429695633,29.290551234271167,False,True
fa15qc s505 #1,FF/-40C,Lx_9,Ldc3_1,794.7085575759435,14.558876266111891,19.53093405485502,20.71914682444775,43.95766720531725,18.897908181887423,14.490212231892585,40.77037439133585,175.36450339190495,4.569266888715579,-2.014049001230951,1.0,0.0599538914702022,fa15qc,505,10.99503191142513,36.34436687002383,False,False
fa15qc s505 #4,FF/-40C,Lx_10,Ldc3_1,1053.5251440767538,13.587346488750809,19.686572372783512,24.665972025099943,36.90179090979541,19.549716634858363,15.332527317161846,38.85620022340297,217.20146766325857,3.8200856548906272,7.365717829599744,1.0,0.0359735619955359,fa15qc,505,21.04600548150284,30.380303575995075,False,True
fa15qc s606 #3,FF/-40C,Lx_5,Ldc3_1,887.1635952169818,16.369256052923923,32.92665821671581,21.886322482860205,42.92674606315912,19.09655178941658,14.873623140996722,39.9690908594641,187.35222039368577,4.30147615763469,4.540442315668412,1.0,0.0440884800546887,fa15qc,606,10.966979821057116,34.546276677905105,False,True
fa15qc s707 #2,FF/-40C,Lx_6,Ldc3_2,892.2067145207329,11.759898069642963,28.36315501917939,21.68295020958966,38.04658213834698,18.756848937873883,14.328958254693216,39.59501986510574,171.1264740647098,4.19647915750594,4.697714188103016,1.0,0.0280667397717179,fa15qc,707,11.430144623355098,38.01342349846416,False,True
fa15qc s808 #1,FF/-40C,Lx_6,Ldc3_1,902.6258953030308,14.835034506065195,28.98334432319637,21.272741821825026,41.718581205393015,18.97776007645566,14.733299828656213,39.69828094535104,187.52498925752573,4.312404577512347,4.739393171732496,1.0,0.0408301501886821,fa15qc,808,11.52655009262113,38.661874858880616,False,True
fa15qc s808 #4,FF/-40C,Lx_6,Ldc3_1,892.6062808026261,17.002290703845603,27.456876852998693,23.194153850430112,43.83725641709509,18.79678292897036,14.58442969016378,39.58373681393845,171.1039055971713,4.130361315204145,4.721292437197418,1.0,0.0163628551556449,fa15qc,808,11.667141663641315,37.92918608630117,False,True
fa15qc s909 #3,FF/-40C,Lx_6,Ldc3_1,1124.0268198651395,6.999895779269315,24.30612334791988,30.92155030321128,28.955608384582693,18.18265611774912,13.825571347248845,36.84689537797655,199.83256736284147,4.006305808749556,6.485486371588338,1.0,0.039632734773034,fa15qc,909,18.622182318220727,28.81931738144525,False,True
fa15qc s1010 #2,FF/-40C,Lx_9,Ldc3_4,792.3989937973697,12.089040750114735,24.154763168225102,23.625025817774624,51.4245216385006,19.813782364638666,15.558074242646498,41.92619796103344,185.323299614719,3.748275255380958,4.76280892902587,1.0,0.0162852096094737,fa15qc,1010,12.328958977871046,33.59194038997646,False,True
qn s101 #1,FF/-40C,Lx_8,Ldc3_1,828.5221737141947,15.804756915839477,27.23688866737133,19.46003830182906,46.72991752696373,19.7038968320596,15.430898825267615,41.28719930486475,198.81913828905945,4.384691996534516,2.324419355373581,1.0,0.0588126577755189,qn,101,11.390028708035796,36.10906962462485,False,True
qn s101 #4,FF/-40C,Lx_8,Ldc3_1,1010.191285,16.673,28.089,31.731,41.38792101641056,20.87522411176208,16.988916455539105,40.6520388852692,271.40049923584274,3.556484309016951,7.086626428731713,1.0,0.0803045765857069,qn,101,21.93748166775057,26.10253262120279,True,True
qn s303 #1,FF/-40C,Lx_9,Ldc3_3,788.8226909127316,10.813087278194468,25.16505599499268,20.294883445681407,52.1984248644781,19.67479065630004,15.305663161266448,41.83971145359728,176.79477755624535,4.036898664058311,4.581513895501608,1.0,0.0097346007693232,qn,303,11.311196466729251,35.85868274111471,False,True
qn s404 #1,FF/-40C,Lx_7,Ldc3_1,765.7487381334262,11.370910502971752,24.932019839930376,24.826609198670347,36.031348495740936,19.177475373704063,14.916508664025203,41.52274267354605,201.8966920064315,4.903040341092752,-4.64221379414275,1.0,0.048254817802846,qn,404,11.001028808457058,33.05968085299245,False,False
qn s505 #1,FF/-40C,Lx_8,Ldc3_1,1010.191285,16.673,28.089,31.731,41.38792101641056,20.87522411176208,16.988916455539105,40.6520388852692,271.40049923584274,3.556484309016951,7.086626428731713,1.0,0.0803045765857069,qn,505,21.93748166775057,26.10253262120279,True,True
qn s606 #2,FF/-40C,Lx_8,Ldc3_1,1010.191285,16.673,28.089,31.731,41.38792101641056,20.87522411176208,16.988916455539105,40.6520388852692,271.40049923584274,3.556484309016951,7.086626428731713,1.0,0.0803045765857069,qn,606,21.93748166775057,26.10253262120279,True,True
qn s707 #2,FF/-40C,Lx_8,Ldc3_1,1010.191285,16.673,28.089,31.731,41.38792101641056,20.87522411176208,16.988916455539105,40.6520388852692,271.40049923584274,3.556484309016951,7.086626428731713,1.0,0.0803045765857069,qn,707,21.93748166775057,26.10253262120279,True,True
qn s808 #2,FF/-40C,Lx_8,Ldc3_1,767.3874943317904,12.776176607089935,23.441845670026527,24.259284810639173,45.037429315136734,19.44012442170025,15.197945060015222,41.754915165461306,194.47944434288829,4.653938333437249,-4.035332616127664,1.0,0.0685072441130608,qn,808,11.10615142026866,34.25231364118402,False,False
qn s909 #1,FF/-40C,Lx_7,Ldc3_2,810.852607628188,7.524290072123663,27.3175969095352,19.77723632654238,34.8238899845171,19.13270842070088,14.658910336311155,40.96769014806242,206.4603846673699,4.9091481093645095,4.544821765024964,1.0,0.0295215908791613,qn,909,10.914874458356032,33.3412683475084,False,True
qn s909 #4,FF/-40C,Lx_10,Ldc3_1,999.3049733,17.457,18.183,33.588,35.73214767886707,19.503948043564563,15.459229532400965,39.24510138262443,221.66636152995235,3.5692208740965152,7.918013393651922,1.0,0.048319827747155,qn,909,25.76136786638142,24.84952147381661,False,True
fa15qc s101 #3,FF/-40C,Lx_8,Ldc3_2,740.0993781667323,11.12404864203177,23.61927158042641,23.82741001952055,48.102904736345245,19.20010106491637,14.984752043695384,41.96214645650499,171.87553632058498,4.441141390674426,-1.2984577423255832,1.0,0.0248080654712936,fa15qc,101,10.447451319636444,34.67579632129368,False,False
fa15qc s202 #2,FF/-40C,Lx_8,Ldc3_1,1126.5382236706555,7.957685921921389,22.05123089086036,24.754861102042465,31.235519422054832,18.87679146326346,14.551300413698728,37.56207821758495,215.17488981473653,3.972291368076157,6.886899467459941,1.0,0.0521765107097098,fa15qc,202,19.41081716240157,30.841698107011133,False,True
fa15qc s303 #1,FF/-40C,Lx_9,Ldc3_2,886.8155704237399,19.01657802000953,21.317227314620865,19.599523652067088,47.25426411337051,18.92364289592232,14.543206093784487,39.83127336251315,163.4860355269347,3.720474832737272,5.064056005051481,1.0,-0.0226325832886089,fa15qc,303,12.807726573017202,37.668061060488775,False,True
fa15qc s303 #4,FF/-40C,Lx_8,Ldc3_3,767.1540079101912,7.872131815708317,25.9238920194172,20.621296397059623,49.22096435888013,19.31208895737464,14.932860364889786,41.71218721803706,172.12197925126807,4.375640487168373,4.356048026824319,1.0,0.0273085808563576,fa15qc,303,10.384741578222467,35.9510966478813,False,True
fa15qc s404 #3,FF/-40C,Lx_8,Ldc3_1,950.455683747754,16.569100435406433,30.36317033827645,29.13198819226026,46.35797583212439,20.971055761943976,17.07097213475247,41.37158568065625,268.04874419031506,3.758177008390176,6.38477700577906,1.0,0.0745308314530376,fa15qc,404,18.76300706063205,28.111981736330804,True,True
fa15qc s505 #2,FF/-40C,Lx_9,Ldc3_2,766.8562296513298,14.14865647602427,20.75338335621078,22.45850747788396,50.11308031449387,19.057471050223548,14.78377843240685,41.417107096429255,159.6185504197344,4.118466141709567,1.160205160454699,1.0,0.0005948640805115,fa15qc,505,11.036583371373244,35.4782934239796,False,True
fa15qc s606 #1,FF/-40C,Lx_9,Ldc3_1,796.6018952343418,15.189732236925764,18.70205716420594,22.51358932303583,44.36098970556248,18.632132646587767,14.293410724016974,40.489088809434925,163.38768321372535,4.447587618603921,-1.526006806411586,1.0,0.0426378951873994,fa15qc,606,11.374620680586018,35.53856266275275,False,False
fa15qc s606 #4,FF/-40C,Lx_9,Ldc3_2,708.8296263861596,10.345117180121584,19.146617847822444,24.50509629163536,44.65289202244932,18.728623637539524,14.406239252183797,41.83580845201828,161.4886147339635,4.621342753901375,-3.683132705856586,1.0,0.0553601417237589,fa15qc,606,10.184599747842515,34.47539550326697,False,False
fa15qc s707 #3,FF/-40C,Lx_6,Ldc3_2,867.0104761330235,17.98280240590842,29.09230779706873,22.41505476055267,46.863436027683015,18.894139665708217,14.545624289661571,39.947780657389146,164.07051066560055,3.7838324723426746,4.5865224562135385,1.0,0.0121119656183759,fa15qc,707,11.23375654019779,37.19766872430751,False,True
fa15qc s808 #2,FF/-40C,Lx_6,Ldc3_2,908.625693619319,14.860077852689429,30.89141965208009,20.038444029183008,45.3807456398683,19.01371159015132,14.59782032578964,39.67545025857959,173.83953604924938,3.9897200292846926,4.765325748776433,1.0,0.0204219546721476,fa15qc,808,11.538154318924034,38.27585692562432,False,True
fa15qc s909 #1,FF/-40C,Lx_8,Ldc3_1,842.6769779640708,9.781327061964236,27.606530328328468,21.98363064023458,38.40614053690948,20.012640978222187,15.789034419477083,41.5140890674536,235.09650289204305,4.73749591789605,2.732092478247397,1.0,0.0467757702883199,fa15qc,909,12.517574573730904,34.05906543285346,False,True
fa15qc s909 #4,FF/-40C,Lx_8,Ldc3_1,1016.9267650448032,10.248078782335185,29.99771957038278,26.22616617345063,39.218111485247285,20.63541571074273,16.629840800408093,40.4069315309148,269.65980486306574,4.007206287922189,6.610870095419845,1.0,0.0646892467150541,fa15qc,909,18.99500734746397,28.429926590610112,True,True
fa15qc s1010 #3,FF/-40C,Lx_10,Ldc3_1,1093.257795744334,17.680478643346742,20.020153324052707,26.09648974576521,36.64530299653317,19.730859795031044,15.575374929189596,38.69765357235951,229.1997342465249,3.637176428950492,7.927931268579028,1.0,0.0489814362075884,fa15qc,1010,23.590114123412537,29.008032823237823,True,True
qn s101 #2,FF/-40C,Lx_8,Ldc3_1,793.8481024737996,10.999474308565093,24.23037792958504,23.81492443326348,38.720254838467234,19.565337493873383,15.350618092834925,41.60285682084897,207.8397335135288,4.754065938420536,-2.0306645953113907,1.0,0.0490387358482198,qn,101,11.654356024180586,33.054086155348976,False,False
qn s202 #1,FF/-40C,Lx_8,Ldc3_1,1010.191285,16.673,28.089,31.731,41.38792101641056,20.87522411176208,16.988916455539105,40.6520388852692,271.40049923584274,3.556484309016951,7.086626428731713,1.0,0.0803045765857069,qn,202,21.93748166775057,26.10253262120279,True,True
qn s303 #2,FF/-40C,Lx_8,Ldc3_1,1010.191285,16.673,28.089,31.731,41.38792101641056,20.87522411176208,16.988916455539105,40.6520388852692,271.40049923584274,3.556484309016951,7.086626428731713,1.0,0.0803045765857069,qn,303,21.93748166775057,26.10253262120279,True,True
qn s404 #2,FF/-40C,Lx_8,Ldc3_1,1010.191285,16.673,28.089,31.731,41.38792101641056,20.87522411176208,16.988916455539105,40.6520388852692,271.40049923584274,3.556484309016951,7.086626428731713,1.0,0.0803045765857069,qn,404,21.93748166775057,26.10253262120279,True,True
qn s505 #2,FF/-40C,Lx_10,Ldc3_1,999.3049733,17.457,18.183,33.588,35.73214767886707,19.503948043564563,15.459229532400965,39.24510138262443,221.66636152995235,3.5692208740965152,7.918013393651922,1.0,0.048319827747155,qn,505,25.76136786638142,24.84952147381661,False,True
qn s606 #3,FF/-40C,Lx_10,Ldc3_1,999.3049733,17.457,18.183,33.588,35.73214767886707,19.503948043564563,15.459229532400965,39.24510138262443,221.66636152995235,3.5692208740965152,7.918013393651922,1.0,0.048319827747155,qn,606,25.76136786638142,24.84952147381661,False,True
qn s707 #3,FF/-40C,Lx_10,Ldc3_1,999.3049733,17.457,18.183,33.588,35.73214767886707,19.503948043564563,15.459229532400965,39.24510138262443,221.66636152995235,3.5692208740965152,7.918013393651922,1.0,0.048319827747155,qn,707,25.76136786638142,24.84952147381661,False,True
qn s808 #3,FF/-40C,Lx_8,Ldc3_1,1010.191285,16.673,28.089,31.731,41.38792101641056,20.87522411176208,16.988916455539105,40.6520388852692,271.40049923584274,3.556484309016951,7.086626428731713,1.0,0.0803045765857069,qn,808,21.93748166775057,26.10253262120279,True,True
qn s909 #2,FF/-40C,Lx_9,Ldc3_2,1142.548395939169,6.170470171306895,29.06379664407199,19.55851803004128,36.328682748708005,19.99642710992424,15.497401672408444,38.72863500713926,247.51176809583453,3.853203156599941,7.16369881376971,1.0,0.0793471941697632,qn,909,19.647422444602192,29.14204408516036,False,True
qn s1010 #1,FF/-40C,Lx_8,Ldc3_1,1010.191285,16.673,28.089,31.731,41.38792101641056,20.87522411176208,16.988916455539105,40.6520388852692,271.40049923584274,3.556484309016951,7.086626428731713,1.0,0.0803045765857069,qn,1010,21.93748166775057,26.10253262120279,True,True
fa15qc s101 #1,SS/85C,Lx_9,Ldc3_2,763.8880046432458,13.162878982833211,21.55102065555196,21.231057060218443,24.67801902826405,17.41174490152249,14.300024846106366,33.57551530680262,218.18598518054893,2.9691388695421472,30.21465732210309,1.0,0.1255849387355752,fa15qc,101,10.749436496231729,36.147282477542944,False,False
fa15qc s101 #4,SS/85C,Lx_5,Ldc3_1,903.7557018397088,15.73474647974682,33.0,19.44243064746119,28.81086568100193,18.253597858994176,15.666188655394487,32.65775094541336,227.79897743772656,2.736110020668505,28.408259231535027,1.0,0.1859881381679426,fa15qc,101,10.797833208333598,34.47407147364799,True,True
fa15qc s202 #3,SS/85C,Lx_8,Ldc3_1,1014.6223184946336,15.575626794675056,18.365703465354432,27.834768043290584,19.50641750004835,17.325779868340263,14.727272443897174,31.17103123860557,270.49552363576754,2.5782322551527304,54.4496953301013,1.0,0.2348331689242226,fa15qc,202,16.85417978626079,30.824742168890545,False,True
fa15qc s303 #2,SS/85C,Lx_9,Ldc3_1,782.3952453632421,13.15764893134913,24.41200791809036,19.850411637714195,23.586437697120463,17.566907098293832,14.503462076613166,33.45961530199456,236.7812157236672,3.186139823968832,30.20106574871229,1.0,0.1334935325032901,fa15qc,303,11.048511477583403,36.96263268326791,False,False
fa15qc s404 #1,SS/85C,Lx_6,Ldc3_2,835.1162993684327,11.4942850380726,30.06569994777885,23.077440111737424,25.201909642954845,17.905405661119907,15.039692112487645,33.27350035277852,240.99878293963,2.673622354377825,29.89552294580799,1.0,0.1800443342999589,fa15qc,404,10.875712474678036,34.72815482861573,False,True
fa15qc s404 #4,SS/85C,Lx_8,Ldc3_1,1010.191285,16.673,28.089,31.731,11.83087845128081,14.965189971073,12.387608156965594,28.9529560089858,251.7600904849444,2.9992510317001773,77.36740500400877,1.0,0.067499031724528,fa15qc,404,21.93748166775057,26.10253262120279,False,True
fa15qc s505 #3,SS/85C,Lx_6,Ldc3_2,800.4432833923106,7.971288560783861,25.849095469879103,24.42807884008976,24.31258219424268,17.76547746150832,14.908064003927468,33.53368501292343,243.28110586868863,2.7215425497257084,28.26757223632804,1.0,0.2011893524033564,fa15qc,505,10.217853225580388,33.93247102954753,False,True
fa15qc s606 #2,SS/85C,Lx_5,Ldc3_1,865.8590717315668,16.981086755730146,32.847796136394365,23.246093943628647,25.99848263970544,18.110901451043983,15.310205411548267,32.96664877452192,245.1208264061636,2.6309232242973817,30.05580975023379,1.0,0.2006171968841447,fa15qc,606,10.881901344463124,34.58945629910832,False,True
fa15qc s707 #1,SS/85C,Lx_8,Ldc3_3,887.7394397585791,14.860288040862136,28.884854258121344,19.733732769264027,25.902882464482303,17.35210053864723,14.49363866606251,32.261415799274616,204.9671089144142,2.726452563326309,35.445974009376535,1.0,0.0879572354292818,fa15qc,707,12.78238841960349,38.26557074427088,False,True
fa15qc s707 #4,SS/85C,Lx_6,Ldc3_2,933.4713425846408,11.010633299913922,28.52955725704164,21.491420142978487,25.96586874189252,17.985252154034242,15.37174581271176,32.38703462073765,237.32273880173776,2.6004757402479832,33.10439161671992,1.0,0.200710194078324,fa15qc,707,12.120723631624449,37.19163763566631,False,True
fa15qc s808 #3,SS/85C,Lx_6,Ldc3_1,917.3735984590626,15.513067795622066,28.58805716516725,22.287135363382173,26.06020111232177,18.16949603620965,15.5218205225341,32.59321360885608,246.92053351858883,2.6542590700112623,33.09458277121375,1.0,0.2028007445641849,fa15qc,808,11.982382856929098,38.019099860749854,True,True
fa15qc s909 #2,SS/85C,Lx_6,Ldc3_3,1162.6144056880762,2.0763710018199486,31.347754468030697,28.659289947852404,15.490616387395397,16.56653772325906,14.108937938623804,29.962035307873016,284.68241997707014,2.550561393435891,64.52080224697825,1.0,0.2389819335458701,fa15qc,909,20.19177041526266,28.97985390967748,False,True
fa15qc s1010 #1,SS/85C,Lx_6,Ldc3_1,787.7411163581901,9.131047871881604,26.542999289836068,25.476535183878823,22.78479218394173,17.852004782987173,14.868030710009172,33.76794342680444,264.8734986427553,2.8951414224063123,28.88019984541654,1.0,0.2184653506659437,fa15qc,1010,10.269747574794977,33.63206006876378,False,False
fa15qc s1010 #4,SS/85C,Lx_8,Ldc3_1,1010.191285,16.673,28.089,31.731,11.83087845128081,14.965189971073,12.387608156965594,28.9529560089858,251.7600904849444,2.9992510317001773,77.36740500400877,1.0,0.067499031724528,fa15qc,1010,21.93748166775057,26.10253262120279,False,True
qn s101 #3,SS/85C,Lx_9,Ldc3_2,783.9507691963645,15.976022536428806,21.0883122907126,26.01397273891283,19.983786222968604,16.60920262466549,13.46075445724556,32.659014013012815,222.91497685785063,2.937438716732664,39.3824779864358,1.0,0.1109024581373397,qn,101,12.581470020377504,31.84205703131456,False,True
qn s202 #2,SS/85C,Lx_10,Ldc3_1,999.3049733,17.457,18.183,33.588,10.28299201811736,14.149077604611431,11.555002242555428,28.2035840331028,237.3937519316904,3.0431109303238824,97.81577942573388,1.0,0.0315779802602338,qn,202,25.76136786638142,24.84952147381661,False,True
qn s303 #3,SS/85C,Lx_10,Ldc3_1,999.3049733,17.457,18.183,33.588,10.28299201811736,14.149077604611431,11.555002242555428,28.2035840331028,237.3937519316904,3.0431109303238824,97.81577942573388,1.0,0.0315779802602338,qn,303,25.76136786638142,24.84952147381661,False,True
qn s404 #3,SS/85C,Lx_10,Ldc3_1,999.3049733,17.457,18.183,33.588,10.28299201811736,14.149077604611431,11.555002242555428,28.2035840331028,237.3937519316904,3.0431109303238824,97.81577942573388,1.0,0.0315779802602338,qn,404,25.76136786638142,24.84952147381661,False,True
qn s606 #1,SS/85C,Lx_8,Ldc3_3,834.3583605136317,9.267705220392704,26.35852490179288,21.302311695322263,24.42215214256613,17.402971724652517,14.463702009304658,32.9161917249563,220.01655579316784,2.8708431284159937,33.32884431876344,1.0,0.1221306877786091,qn,606,11.93288115899476,34.73615480938316,False,True
qn s707 #1,SS/85C,Lx_7,Ldc3_1,764.5742099255357,11.809164429173148,24.54433336750025,21.586719005081825,25.245056832528697,17.965129548211458,14.91751385093708,33.994643186963934,243.9731225030669,3.0250477848955737,27.69098203351613,1.0,0.1725059026897987,qn,707,10.240308129299931,35.079626518644986,False,False
qn s808 #1,SS/85C,Lx_8,Ldc3_3,797.5802723369325,9.179159781682998,26.090163167042444,19.446277681436914,27.12287034147713,17.651533252477027,14.691806164032922,33.46857868840993,211.00597213536665,2.874710259214837,28.57438993234364,1.0,0.1216349445447592,qn,808,10.710237688242191,36.49107176669374,False,True
qn s808 #4,SS/85C,Lx_10,Ldc3_1,999.3049733,17.457,18.183,33.588,10.28299201811736,14.149077604611431,11.555002242555428,28.2035840331028,237.3937519316904,3.0431109303238824,97.81577942573388,1.0,0.0315779802602338,qn,808,25.76136786638142,24.84952147381661,False,True
qn s909 #3,SS/85C,Lx_8,Ldc3_1,1010.191285,16.673,28.089,31.731,11.83087845128081,14.965189971073,12.387608156965594,28.9529560089858,251.7600904849444,2.9992510317001773,77.36740500400877,1.0,0.067499031724528,qn,909,21.93748166775057,26.10253262120279,False,True
qn s1010 #2,SS/85C,Lx_10,Ldc3_1,999.3049733,17.457,18.183,33.588,10.28299201811736,14.149077604611431,11.555002242555428,28.2035840331028,237.3937519316904,3.0431109303238824,97.81577942573388,1.0,0.0315779802602338,qn,1010,25.76136786638142,24.84952147381661,False,True
fa15qc s101 #2,SS/85C,Lx_9,Ldc3_1,745.5586514399871,15.26975092494632,19.842962414349326,23.574783557846928,22.707696541728914,17.466131542440685,14.196212663637963,33.7845427036225,240.1757071302676,3.055066239570884,31.550063545790888,1.0,0.1588430094967708,fa15qc,101,10.777284603741316,35.62703051583361,False,False
fa15qc s202 #1,SS/85C,Lx_9,Ldc3_2,806.5600081344538,12.43513539543787,19.517703271141123,22.28155175171272,24.0965077649623,17.450690958598766,14.469779159711948,33.121102209446974,226.5858245922538,2.862009669674941,33.5855801536669,1.0,0.1311364864041381,fa15qc,202,11.657325448476987,34.77228606234653,False,True
fa15qc s202 #4,SS/85C,Lx_8,Ldc3_1,1122.5111843030886,9.903050114822555,28.544028635083247,23.678266669633423,16.330627690666624,16.670130184487224,14.273676315323373,29.9045079324338,276.7437689621843,2.8872403121441987,61.85966927227297,1.0,0.1681142018090411,fa15qc,202,20.04994854689092,30.07318352598281,False,True
fa15qc s303 #3,SS/85C,Lx_6,Ldc3_1,842.7784757556553,14.585031358416986,29.29775123746543,19.522806238997635,29.566209970227163,18.34839738499901,15.606068779291846,33.33179886177118,227.8477087038599,2.777470704679324,26.625710992417595,1.0,0.1636347503599194,fa15qc,303,10.228385345006169,36.36261318606281,True,True
fa15qc s404 #2,SS/85C,Lx_5,Ldc3_1,1037.5465726771224,2.712124614581789,30.59665020543664,31.426815181916005,14.623705797882366,16.85969172673593,14.286319487182956,30.97347753960745,323.2182093841783,2.688681412064464,53.540477635091904,1.0,0.2869624728201425,fa15qc,404,16.62851429695633,29.290551234271167,False,True
fa15qc s505 #1,SS/85C,Lx_9,Ldc3_1,794.7085575759435,14.558876266111891,19.53093405485502,20.71914682444775,25.903226897096086,17.86450114967941,14.885650255536422,33.49188333179805,231.24002999421447,2.9678945167475264,30.44767430303343,1.0,0.1369005730411111,fa15qc,505,10.99503191142513,36.34436687002383,False,False
fa15qc s505 #4,SS/85C,Lx_10,Ldc3_1,1053.5251440767538,13.587346488750809,19.686572372783512,24.665972025099943,15.261987521685604,16.008437100031937,13.554332620792898,29.62245828393914,250.9715056647241,2.986378223982359,68.64695099906895,1.0,0.0860459129963837,fa15qc,505,21.04600548150284,30.380303575995075,False,True
fa15qc s606 #3,SS/85C,Lx_5,Ldc3_1,887.1635952169818,16.369256052923923,32.92665821671581,21.886322482860205,26.96407122253669,18.190468100391968,15.483460202254948,32.81369366142972,239.82123770649736,2.654722716479817,29.79815622618157,1.0,0.1986826091375089,fa15qc,606,10.966979821057116,34.546276677905105,False,True
fa15qc s707 #2,SS/85C,Lx_6,Ldc3_2,892.2067145207329,11.759898069642963,28.36315501917939,21.68295020958966,26.522209870150306,18.001836774963625,15.28656629675977,32.73501997515935,234.22793827649525,2.5974368775804733,31.061782334784148,1.0,0.1886694827920291,fa15qc,707,11.430144623355098,38.01342349846416,False,True
fa15qc s808 #1,SS/85C,Lx_6,Ldc3_1,902.6258953030308,14.835034506065195,28.98334432319637,21.272741821825026,27.1049234266546,18.24520757865201,15.585666362182076,32.76085866724121,241.6599911424533,2.695109865987392,31.21717426494244,1.0,0.1919302827028106,fa15qc,808,11.52655009262113,38.661874858880616,True,True
fa15qc s808 #4,SS/85C,Lx_6,Ldc3_1,892.6062808026261,17.002290703845603,27.456876852998693,23.194153850430112,25.85132457429578,18.109111351469625,15.360868276070498,32.73824382321214,246.41298741325065,2.612300061488476,32.54671403599448,1.0,0.204176621947514,fa15qc,808,11.667141663641315,37.92918608630117,False,True
fa15qc s909 #3,SS/85C,Lx_6,Ldc3_1,1124.0268198651395,6.999895779269315,24.30612334791988,30.92155030321128,16.453141357091525,17.113178239278245,14.656548661923589,30.46389497328624,305.0060228336541,2.5130678966854654,60.723138828414726,1.0,0.3307823932357196,fa15qc,909,18.622182318220727,28.81931738144525,False,True
fa15qc s1010 #2,SS/85C,Lx_9,Ldc3_4,792.3989937973697,12.089040750114735,24.154763168225102,23.625025817774624,21.51097329615289,16.5770594485275,13.468442532709506,32.57051629184004,205.5187544124344,2.982406402881128,37.03573573726883,1.0,0.0921840820522338,fa15qc,1010,12.328958977871046,33.59194038997646,False,True
qn s101 #1,SS/85C,Lx_8,Ldc3_1,828.5221737141947,15.804756915839477,27.23688866737133,19.46003830182906,26.248009664621087,17.905157280171608,15.020065837848271,33.22290159313694,230.39400003049275,2.9810233080639312,30.77351900035576,1.0,0.1187739550975692,qn,101,11.390028708035796,36.10906962462485,False,True
qn s101 #4,SS/85C,Lx_8,Ldc3_1,1010.191285,16.673,28.089,31.731,11.83087845128081,14.965189971073,12.387608156965594,28.9529560089858,251.7600904849444,2.9992510317001773,77.36740500400877,1.0,0.067499031724528,qn,101,21.93748166775057,26.10253262120279,False,True
qn s303 #1,SS/85C,Lx_9,Ldc3_3,788.8226909127316,10.813087278194468,25.16505599499268,20.294883445681407,24.759682277225973,17.09184226314995,14.045507344355396,33.047444844236075,201.66239439392385,2.981449930083335,31.46796107852691,1.0,0.0965558026223657,qn,303,11.311196466729251,35.85868274111471,False,True
qn s404 #1,SS/85C,Lx_7,Ldc3_1,765.7487381334262,11.370910502971752,24.932019839930376,24.826609198670347,20.873120635161825,17.50785766844729,14.275285783188018,33.705306271405334,263.865879492303,3.077413599132316,31.77412928683841,1.0,0.1954400552518934,qn,404,11.001028808457058,33.05968085299245,False,False
qn s505 #1,SS/85C,Lx_8,Ldc3_1,1010.191285,16.673,28.089,31.731,11.83087845128081,14.965189971073,12.387608156965594,28.9529560089858,251.7600904849444,2.9992510317001773,77.36740500400877,1.0,0.067499031724528,qn,505,21.93748166775057,26.10253262120279,False,True
qn s606 #2,SS/85C,Lx_8,Ldc3_1,1010.191285,16.673,28.089,31.731,11.83087845128081,14.965189971073,12.387608156965594,28.9529560089858,251.7600904849444,2.9992510317001773,77.36740500400877,1.0,0.067499031724528,qn,606,21.93748166775057,26.10253262120279,False,True
qn s707 #2,SS/85C,Lx_8,Ldc3_1,1010.191285,16.673,28.089,31.731,11.83087845128081,14.965189971073,12.387608156965594,28.9529560089858,251.7600904849444,2.9992510317001773,77.36740500400877,1.0,0.067499031724528,qn,707,21.93748166775057,26.10253262120279,False,True
qn s808 #2,SS/85C,Lx_8,Ldc3_1,767.3874943317904,12.776176607089935,23.441845670026527,24.259284810639173,21.415226662468832,17.550349845393548,14.290734827611644,33.70326834888953,259.77287619629874,3.0873452693678285,32.378937421711655,1.0,0.1811681837358079,qn,808,11.10615142026866,34.25231364118402,False,False
qn s909 #1,SS/85C,Lx_7,Ldc3_2,810.852607628188,7.524290072123663,27.3175969095352,19.77723632654238,24.992228564567643,17.766338973251486,14.882775078063544,33.45463273695748,235.23606770957664,2.986716914033395,29.057232750217207,1.0,0.1488182733534044,qn,909,10.914874458356032,33.3412683475084,False,True
qn s909 #4,SS/85C,Lx_10,Ldc3_1,999.3049733,17.457,18.183,33.588,10.28299201811736,14.149077604611431,11.555002242555428,28.2035840331028,237.3937519316904,3.0431109303238824,97.81577942573388,1.0,0.0315779802602338,qn,909,25.76136786638142,24.84952147381661,False,True
fa15qc s101 #3,SS/85C,Lx_8,Ldc3_2,740.0993781667323,11.12404864203177,23.61927158042641,23.82741001952055,22.264928591432056,17.368233328139247,14.105811472104191,33.96342248372335,239.36597884125388,3.0320559687354427,30.095893641081208,1.0,0.1707275002235944,fa15qc,101,10.447451319636444,34.67579632129368,False,False
fa15qc s202 #2,SS/85C,Lx_8,Ldc3_1,1126.5382236706555,7.957685921921389,22.05123089086036,24.754861102042465,17.839639728905997,17.200076390632862,14.800216969572183,30.429393659072417,287.1288014481605,2.7574619148292854,60.55673012707412,1.0,0.236333963221065,fa15qc,202,19.41081716240157,30.841698107011133,False,True
fa15qc s303 #1,SS/85C,Lx_9,Ldc3_2,886.8155704237399,19.01657802000953,21.317227314620865,19.599523652067088,25.59083510541888,17.429506309923973,14.622287339774504,32.24585088320568,211.2857800966256,2.7118949998585875,36.17124643432822,1.0,0.0981665086828646,fa15qc,303,12.807726573017202,37.668061060488775,False,True
fa15qc s303 #4,SS/85C,Lx_8,Ldc3_3,767.1540079101912,7.872131815708317,25.9238920194172,20.621296397059623,25.39627532097756,17.521806900357515,14.468943980923516,33.786411095420085,219.41358672330225,2.976991112938832,28.16051404794362,1.0,0.1331454905951706,fa15qc,303,10.384741578222467,35.9510966478813,False,True
fa15qc s404 #3,SS/85C,Lx_8,Ldc3_1,950.455683747754,16.569100435406433,30.36317033827645,29.13198819226026,13.611977665076846,15.450389225760034,12.77795177140843,29.88769326310777,246.05857205523773,3.066335825340875,63.07090244843658,1.0,0.0725870348753286,fa15qc,404,18.76300706063205,28.111981736330804,False,True
fa15qc s505 #2,SS/85C,Lx_9,Ldc3_2,766.8562296513298,14.14865647602427,20.75338335621078,22.45850747788396,23.893513255391703,17.308169803905496,14.185914535021883,33.44607560446453,219.91480862430296,2.9215127417407407,31.89805258496355,1.0,0.125930208037521,fa15qc,505,11.036583371373244,35.4782934239796,False,True
fa15qc s606 #1,SS/85C,Lx_9,Ldc3_1,796.6018952343418,15.189732236925764,18.70205716420594,22.51358932303583,24.46315100648822,17.723367386151768,14.71084653933182,33.35379633392201,236.8587908041456,2.9191918578688703,32.747309095272975,1.0,0.145960315792147,fa15qc,606,11.374620680586018,35.53856266275275,False,False
fa15qc s606 #4,SS/85C,Lx_9,Ldc3_2,708.8296263861596,10.345117180121584,19.146617847822444,24.50509629163536,21.27454484023076,17.12963154103646,13.745287132588912,34.13120764669508,236.80097863999725,3.107100225584675,29.82137096935016,1.0,0.1814897835918134,fa15qc,606,10.184599747842515,34.47539550326697,False,False
fa15qc s707 #3,SS/85C,Lx_6,Ldc3_2,867.0104761330235,17.98280240590842,29.09230779706873,22.41505476055267,26.02406109909847,17.874870913557814,15.04388359528569,32.84193884536101,231.72308430749536,2.508229904119552,31.09650018624496,1.0,0.1783036779735865,fa15qc,707,11.23375654019779,37.19766872430751,False,True
fa15qc s808 #2,SS/85C,Lx_6,Ldc3_2,908.625693619319,14.860077852689429,30.89141965208009,20.038444029183008,27.391945118139915,18.02059355907765,15.322138346349112,32.57918155758399,226.84299805604024,2.611872848984929,30.898825769017424,1.0,0.1736864018945018,fa15qc,808,11.538154318924034,38.27585692562432,False,True
fa15qc s909 #1,SS/85C,Lx_8,Ldc3_1,842.6769779640708,9.781327061964236,27.606530328328468,21.98363064023458,20.37158075381233,17.513486859176215,14.526896013283606,32.878537090515145,269.1207153117828,3.1801488292549083,35.419794626758,1.0,0.1573063531831219,fa15qc,909,12.517574573730904,34.05906543285346,False,True
fa15qc s909 #4,SS/85C,Lx_8,Ldc3_1,1016.9267650448032,10.248078782335185,29.99771957038278,26.22616617345063,14.134267556934727,16.103067797277614,13.549481801014313,30.07330122056278,277.21225303120394,3.0595997303149884,60.81364826165594,1.0,0.139386306787183,fa15qc,909,18.99500734746397,28.429926590610112,False,True
fa15qc s1010 #3,SS/85C,Lx_10,Ldc3_1,1093.257795744334,17.680478643346742,20.020153324052707,26.09648974576521,13.8426554482988,15.444492108280548,13.003208550572424,28.79809899927968,243.9691328538917,2.9387555243015564,80.34482076010595,1.0,0.056929751921956,fa15qc,1010,23.590114123412537,29.008032823237823,False,True
qn s101 #2,SS/85C,Lx_8,Ldc3_1,793.8481024737996,10.999474308565093,24.23037792958504,23.81492443326348,20.64991636256859,17.5246925368041,14.389096466475529,33.417299601162334,267.77757997622706,3.1152171302321725,33.849317556969844,1.0,0.1775966687360468,qn,101,11.654356024180586,33.054086155348976,False,False
qn s202 #1,SS/85C,Lx_8,Ldc3_1,1010.191285,16.673,28.089,31.731,11.83087845128081,14.965189971073,12.387608156965594,28.9529560089858,251.7600904849444,2.9992510317001773,77.36740500400877,1.0,0.067499031724528,qn,202,21.93748166775057,26.10253262120279,False,True
qn s303 #2,SS/85C,Lx_8,Ldc3_1,1010.191285,16.673,28.089,31.731,11.83087845128081,14.965189971073,12.387608156965594,28.9529560089858,251.7600904849444,2.9992510317001773,77.36740500400877,1.0,0.067499031724528,qn,303,21.93748166775057,26.10253262120279,False,True
qn s404 #2,SS/85C,Lx_8,Ldc3_1,1010.191285,16.673,28.089,31.731,11.83087845128081,14.965189971073,12.387608156965594,28.9529560089858,251.7600904849444,2.9992510317001773,77.36740500400877,1.0,0.067499031724528,qn,404,21.93748166775057,26.10253262120279,False,True
qn s505 #2,SS/85C,Lx_10,Ldc3_1,999.3049733,17.457,18.183,33.588,10.28299201811736,14.149077604611431,11.555002242555428,28.2035840331028,237.3937519316904,3.0431109303238824,97.81577942573388,1.0,0.0315779802602338,qn,505,25.76136786638142,24.84952147381661,False,True
qn s606 #3,SS/85C,Lx_10,Ldc3_1,999.3049733,17.457,18.183,33.588,10.28299201811736,14.149077604611431,11.555002242555428,28.2035840331028,237.3937519316904,3.0431109303238824,97.81577942573388,1.0,0.0315779802602338,qn,606,25.76136786638142,24.84952147381661,False,True
qn s707 #3,SS/85C,Lx_10,Ldc3_1,999.3049733,17.457,18.183,33.588,10.28299201811736,14.149077604611431,11.555002242555428,28.2035840331028,237.3937519316904,3.0431109303238824,97.81577942573388,1.0,0.0315779802602338,qn,707,25.76136786638142,24.84952147381661,False,True
qn s808 #3,SS/85C,Lx_8,Ldc3_1,1010.191285,16.673,28.089,31.731,11.83087845128081,14.965189971073,12.387608156965594,28.9529560089858,251.7600904849444,2.9992510317001773,77.36740500400877,1.0,0.067499031724528,qn,808,21.93748166775057,26.10253262120279,False,True
qn s909 #2,SS/85C,Lx_9,Ldc3_2,1142.548395939169,6.170470171306895,29.06379664407199,19.55851803004128,16.710854914261482,16.367026835838768,13.88456106203805,29.55312210484431,251.707616413244,2.900132826273909,57.23026032472536,1.0,0.1431352130023157,qn,909,19.647422444602192,29.14204408516036,False,True
qn s1010 #1,SS/85C,Lx_8,Ldc3_1,1010.191285,16.673,28.089,31.731,11.83087845128081,14.965189971073,12.387608156965594,28.9529560089858,251.7600904849444,2.9992510317001773,77.36740500400877,1.0,0.067499031724528,qn,1010,21.93748166775057,26.10253262120279,False,True
